{
  "joinCore": "ssb.lineorder",
  "extraJoinCandidates": [],
  "groupByCandidates": [
    "LO_ORDERKEY" ,
    "LO_PARTKEY" ,
    "LO_DISCOUNT"  ,
    "LO_SUPPLYCOST"  ,
    "LO_COMMITDATE"  ,
    "LO_EXTENDEDPRICE"  ,
    "LO_TAX" ,
    "LO_SUPPKEY" ,
    "LO_ORDTOTALPRICE" ,
    "LO_REVENUE" ,
    "LO_ORDERDATE" ,
    "LO_ORDERPRIOTITY" ,
    "LO_SHIPPRIOTITY" ,
    "LO_QUANTITY" ,
    "LO_SHIPMODE" ,
    "LO_LINENUMBER" ,
    "LO_CUSTKEY",
    "P_PARTKEY" ,
    "P_CONTAINER" ,
    "P_SIZE" ,
    "P_NAME" ,
    "P_CATEGORY" ,
    "P_TYPE" ,
    "P_MFGR" ,
    "P_BRAND" ,
    "P_COLOR" ,
    "S_ADDRESS" ,
    "S_NAME" ,
    "S_NATION" ,
    "S_SUPPKEY" ,
    "S_REGION",
    "S_PHONE",
    "S_CITY" ,
    "C_ADDRESS" ,
    "C_NATION",
    "C_CITY" ,
    "C_PHONE" ,
    "C_REGION" ,
    "C_NAME" ,
    "C_MKTSEGMENT" ,
    "C_CUSTKEY" ,
    "D_DAYOFWEEK" ,
    "D_DAYNUMINWEEK" ,
    "D_MONTH" ,
    "D_MONTHNUMINYEAR" ,
    "D_YEAR" ,
    "D_WEEKDAYFL" ,
    "D_SELLINGSEASON" ,
    "D_DAYNUMINYEAR",
    "D_YEARMONTHNUM" ,
    "D_LASTDAYINWEEKFL" ,
    "D_WEEKNUMINYEAR" ,
    "D_DAYNUMINMONTH" ,
    "D_HOLIDAYFL" ,
    "D_DATE" ,
    "D_YEARMONTH" ,
    "D_DATEKEY" ,
    "D_LASTDAYINMONTHFL"
  ],
  "measureCandidates": [
    "avg(LO_REVENUE)",
    "avg(LO_TAX)",
    "avg(LO_ORDTOTALPRICE)",
    "sum(LO_REVENUE)",
    "sum(LO_TAX)",
    "sum(LO_ORDTOTALPRICE)",
    "min(LO_REVENUE)",
    "min(LO_TAX)",
    "min(LO_ORDTOTALPRICE)",
    "max(LO_REVENUE)",
    "max(LO_TAX)",
    "max(LO_ORDTOTALPRICE)",
    "avg(lo_linenumber)",
    "avg(lo_supplycost)",
    "sum(lo_tax * lo_revenue)",
    "sum(lo_discount * lo_revenue)",
    "sum(lo_discount * lo_revenue + 5)",
    "avg(lo_revenue * lo_extendedprice)",
    "sum(lo_revenue * lo_extendedprice)",
    "max(lo_revenue * lo_extendedprice)",
    "min(lo_revenue * lo_extendedprice)",
    "avg(lo_revenue - lo_tax)",
    "sum(lo_revenue - lo_tax)",
    "max(lo_revenue - lo_tax)",
    "min(lo_revenue - lo_tax)",
    "count(c_custkey)",
    "count(c_name)",
    "count(c_address)",
    "count(c_city)",
    "count(c_nation)",
    "count(c_region)",
    "count(c_phone)",
    "count(c_mktsegment)",
    "count(lo_orderkey)",
    "count(lo_linenumber)",
    "count(lo_custkey)",
    "count(lo_partkey)",
    "count(lo_suppkey)",
    "count(lo_orderdate)",
    "count(lo_orderpriotity)",
    "count(lo_shippriotity)",
    "count(lo_quantity)",
    "count(lo_extendedprice)",
    "count(lo_ordtotalprice)",
    "count(lo_discount)",
    "count(lo_revenue)",
    "count(lo_supplycost)",
    "count(lo_tax)",
    "count(lo_commitdate)",
    "count(lo_shipmode)",
    "count(LO_EXTENDEDPRICE)",
    "count(LO_ORDTOTALPRICE)",
    "count(LO_DISCOUNT)",
    "count(LO_REVENUE)",
    "count(LO_SUPPLYCOST)",
    "count(LO_TAX)",
    "count(distinct c_custkey)",
    "count(distinct c_name)",
    "count(distinct c_address)",
    "count(distinct c_city)",
    "count(distinct c_nation)",
    "count(distinct c_region)",
    "count(distinct c_phone)",
    "count(distinct c_mktsegment)",
    "count(distinct lo_orderkey)",
    "count(distinct lo_linenumber)",
    "count(distinct lo_custkey)",
    "count(distinct lo_partkey)",
    "count(distinct lo_suppkey)",
    "count(distinct lo_orderdate)",
    "count(distinct lo_orderpriotity)",
    "count(distinct lo_shippriotity)",
    "count(distinct lo_quantity)",
    "count(distinct lo_extendedprice)",
    "count(distinct lo_ordtotalprice)",
    "count(distinct lo_discount)",
    "count(distinct lo_revenue)",
    "count(distinct lo_supplycost)",
    "count(distinct lo_tax)",
    "count(distinct lo_commitdate)",
    "count(distinct lo_shipmode)",
    "count(distinct LO_EXTENDEDPRICE)",
    "count(distinct LO_ORDTOTALPRICE)",
    "count(distinct LO_DISCOUNT)",
    "count(distinct LO_REVENUE)",
    "count(distinct LO_SUPPLYCOST)",
    "count(distinct LO_TAX)",
    "sum(LO_EXTENDEDPRICE)",
    "sum(LO_ORDTOTALPRICE)",
    "sum(LO_DISCOUNT)",
    "sum(LO_REVENUE)",
    "sum(LO_SUPPLYCOST)",
    "sum(LO_TAX)",
    "avg(LO_EXTENDEDPRICE)",
    "avg(LO_ORDTOTALPRICE)",
    "avg(LO_DISCOUNT)",
    "avg(LO_REVENUE)",
    "avg(LO_SUPPLYCOST)",
    "avg(LO_TAX)",
    "max(LO_EXTENDEDPRICE)",
    "max(LO_ORDTOTALPRICE)",
    "max(LO_DISCOUNT)",
    "max(LO_REVENUE)",
    "max(LO_SUPPLYCOST)",
    "max(LO_TAX)",
    "min(LO_EXTENDEDPRICE)",
    "min(LO_ORDTOTALPRICE)",
    "min(LO_DISCOUNT)",
    "min(LO_REVENUE)",
    "min(LO_SUPPLYCOST)",
    "min(LO_TAX)",
    "count(*)"
  ],
  "filterCandidates": [
    { "column": "LO_ORDERKEY",                 "values": ["1", "2"] },
    { "column": "YEAR(LO_ORDERDATE)",          "values": ["1980","1981","1982","1983","1984","1985","1986","1987","1988","1989","1990","1991","1992","1993","1994","1995","1996","1997","1998","1999","2000","2001", "2002","2003","2004", "2005","2006","2007", "2008","2009", "2010","2011", "2012","2013", "2014","2015", "2016","2017", "2018","2019", "2020"] },
    { "column": "LO_LINENUMBER",                 "values": ["1", "2","3", "4","5", "6"] },
    { "column": "LO_CUSTKEY",          "values": ["74", "157","247","89","112","79","262","134","124","256","173","250","164"] },
    { "column": "LO_PARTKEY",                 "values": ["843","356","1851","387","743","256","1520","156","1420","933","1320","833","1089","602","958","471","858","371","271","1635","1535","1048","1435","948","1204","1560","1073","973","486","1750","386","286","1650","1519","1550","1063","1419","1775","1288","1675","1188","1088","601","501","14","1865","401","1765","170","1890","39","1790","1303","1203","716","1103","616","1880","29","516","285","641","154","1905","54","1418","1318","831","1218","731","1995","631","500","1343","856","144","400","756","269","300","169","1533","1920","69","1433","1333","846","1102","1458","971","871","384","1648","284","1548","184","1448","961","1217","1573","1086","986","499","886","399","1663","299","1563","1919","68","1788","1688","1201","1101","614","1001","514","1778","414","183","1903","52","83","1803","1316","1703","1216","1116","629","1893","42","529","298","654","167","198","1918","1431","67","1818","1331","1231","744","1000","1356","513","869","900","413","769","282","313","669","182","1933","1446","82","1346","859","1115","1471","984","1015","884","397","784","297","197","1561","1461","974","1686","1717","1586","1099","1486","999","899","412","1676","312","1932","81","1801","1832","1701","1214","1601","1114","1014","527","1791","427","683","196","1916","65","96","1816","452","1716","1229","1129","642","1029","542","411","767","798","311","667","211","567","80","1931","1831","1344","1244","1500","1013","1369","882","913","426","782","1269","326","682","195","1946","95","1459","1846","1359","1615","1128","1484","1971","1028","1384","897","797","310","697","210","1961","110","466","1830","1699","1474","1730","1599","1499","1012","912","425","812","325","581","1945","94","1714","1614","1127","1514","1027","927","440","696","209","565","109","465","1829","9","1729","1242","1629","1142","1042","1398","911","811","324","680","224","1944","580","93","124","480","1844","1744","1257","1513","1026","1382","926","1282","795","439","826","695","208","1959","595","108","1859","1372","8","1628","1984","1497","1141","1041","1397","910","941","1297","810","710","223","1974","479","1843","1743","1612","1643","1512","1025","1412","925","825","338","594","107","7","1727","1627","1527","1040","940","453","709","222","578","609","122","478","1842","22","1742","378","1642","1155","1411","924","824","1180","693","337","724","1080","237","593","137","493","6","1857","1757","1270","1526","1039","1395","1426","939","1295","808","839","1195","708","1972","608","121","1872","1385","21","1641","1154","1510","1997","1541","1054","1897","1410","1310","823","723","236","492","5","1856","392","1756","1625","1656","1525","1425","938","838","351","607","507","20","1640","1540","1053","1440","953","1309","822","1209","722","591","622","135","491","35","1755","391","1655","1168","1424","60","1293","1324","837","1193","737","250","606","1093","150","1870","19","506","50","1770","406","175","1539","1408","1439","952","1795","1308","852","1208","721","752","621","1985","134","521","1885","390","877","1654","290","1554","1910","1423","1454","1323","836","1223","736","992","505","1769","405","1669","1538","1438","951","1338","851","1107","620","520","33","420","289","1653","1553","189","1809","1322","1222","735","635","148","504","535","48","1768","404","1668","304","1924","73","1437","1337","850","1206","1237","750","1106","619","650","1006","519","163","419","1783","1552","188","1908","1452","965","1321","1808","1352","865","1221","734","765","1121","634","890","403","1667","303","203","1923","1436","1567","1467","1823","1336","1236","749","1005","518","418","1782","318","1551","1938","1451","1351","864","1220","1120","633","1020","533","402","433","302","202","1566","1822","1335","1235","748","1135","648","1004","517","548","904","61","417","1681","317","1937","86","1450","1837","1350","1219","1250","763","1119","663","1019","532","563","432","788","1796","301","201","1565","1921","1952","1465","1821","101","1365","878","1234","1721","778","1134","647","903","416","803","316","216","1936","1580","1480","1836","1349","1380","1249","762","1018","531","918","431","331","1951","1464","1364","1720","1233","1620","1133","1033","546","446","315","346","215","1579","1835","1348","1735","1248","1148","661","1017","561","74","430","917","461","817","330","586","99","1950","1850","1363","1263","1619","1132","776","1163","676","1032","545","576","801","314","701","214","1965","1478","1834","114","1378","1734","1247","891","1278","1634","1147","1403","916","816","329","229","1949","1593","1980","129","1849","1362","1493","1393","1749","1262","1518","1031","931","444","344","244","1964","113","369","1733","1633","1146","1046","559","946","459","328","359","228","484","1848","1748","1261","1161","674","1030","1061","574","930","474","830","343","699","1963","112","599","1863","12","1732","1376","1763","1276","1632","1145","1176","1532","1045","689","1301","814","714","227","1978","127","1491","1847","1878","27","1391","1747","1291","1647","1160","1416","929","829","342","729","242","1962","1993","142","1862","1762","1275","1631","267","1531","1044","944","457","844","357","257","1977","126","382","1746","1646","1159","1546","1059","959","472","372","728","241","1861","10","497","1761","1274","1661","1174","1074","587","943","487","1199","712","612","1976","125","1876","25","1745","512","1776","1289","1645","1189","702","1545","1058","1314","827","727","627","140","1991","1891","1404","1760","40","1304","1660","1173","1429","942","1329","842","742","255","155","1875","1906","55","280","1644","180","1544","1444","957","857","370","757","270","1990","139","526","1759","395","1659","295","1559","1072","972","485","841","872","385","741","254","610","997","510","410","1774","1674","1187","1574","1087","956","987","1212","725","1112","625","1889","38","525","1789","1302","1658","1689","1202","1558","1071","1814","1327","1227","740","640","153","1904","540","53","1773","1804","1317","1673","178","1542","1929","1442","78","1342","855","755","268","655","168","1888","424","780","293","1557","193","1457","970","1357","870","770","283","539","895","408","308","1672","1572","1085","1472","985","854","885","398","754","1110","1010","523","423","1787","323","1687","1587","1100","1456","1712","1225","1125","638","1902","538","51","1802","438","1671","1702","1215","1571","1827","1340","1240","753","1140","653","1917","66","553","1817","1330","322","678","191","1942","91","1455","1355","868","1255","768","668","181","437","793","306","206","1570","1957","1470","106","1370","883","783","296","552","908","421","321","1685","1585","221","1485","998","898","1254","1610","1123","1023","536","923","436","336","1700","1600","1113","1469","1725","1238","1138","651","1038","551","451","1815","1715","1228","1584","89","120","1840","1353","1740","1253","1153","666","1930","566","79","335","691","204","235","1955","104","1468","1855","4","1368","1268","781","681","194","937","450","806","319","350","706","219","1970","119","1483","1383","896","1283","796","1021","1052","921","434","821","334","234","1598","1498","1011","1754","1267","1623","1136","1167","1523","1036","936","449","349","1713","1613","249","1482","1869","18","1738","1251","1638","1151","1051","564","1828","464","364","1728","233","1953","102","133","1853","2","1753","1266","1166","679","1066","579","835","348","704","217","248","1968","117","604","1868","1381","17","1281","794","1181","694","950","1306","463","819","363","719","232","263","1983","132","1496","1883","1396","32","1296","809","1165","1521","1034","1065","1421","934","834","347","1611","247","1998","147","1511","1767","1280","1636","1536","1049","949","462","849","362","262","1626","1882","31","1751","1651","1164","1064","577","964","477","1741","733","246","377","146","1866","502","15","46","1766","1279","1666","1179","1079","592","848","361","717","261","1981","130","617","161","1881","30","1781","1294","1194","707","963","1319","476","832","863","376","732","245","276","1996","145","632","1896","45","1409","1665","1178","1534","1078","1434","947","978","1334","847","747","260","160","1524","1780","1649","1680","1549","1062","1449","962","862","375","275","1639","1895","44","1764","1664","1564","1077","977","490","746","259","615","646","159","515","28","1879","59","415","1779","1679","1192","1092","605","861","374","730","761","1117","630","274","174","1894","43","530","1794","1307","1694","1207","1076","1432","1463","976","1332","845","876","389","745","1232","645","158","1909","1422","58","1678","1191","1547","1578","1091","1447","1934","991","1347","860","760","273","660","173","429","1793","1662","1693","1562","1462","975","875","388","775","288","644","157","544","57","1677","1577","1090","1477","990","1246","759","628","659","172","528","72","1792","428","1692","1205","1592","1105","1361","874","1230","774","287","643","1130","187","1907","56","543","87","443","1807","1707","1576","212","1445","1476","989","1345","889","1245","758","789","658","171","1922","71","558","1691","327","1591","1947","1460","1104","1360","873","1260","773","673","186","442","1806","1706","1575","1606","1475","988","1375","888","1144","657","557","70","1690","1590","226","1490","1003","1259","772","672","185","541","572","85","1805","441","1705","341","1605","1118","1374","887","1243","787","1143","656","687","1043","556","200","100","456","1820","1589","225","1489","1845","1002","1358","1389","902","1258","771","802","1158","671","1935","571","84","340","1704","240","1960","1473","1604","1504","1860","1373","1273","786","686","199","555","1819","455","355","1719","1588","1975","1488","1388","901","1157","670","1057","570","470","339","1603","239","1503","1016","1272","785","1172","685","554","585","98","454","354","1718","1618","1131","123","1487","1874","23","1387","1256","1287","800","1156","700","213","569","1056","600","1833","469","238","1602","1958","1989","1502","1858","1371","138","1402","915","1271","1758","815","1171","684","715","584","1948","97","840","353","1617","1973","253","1517","1873","1386","1417","1286","799","1186","1055","568","955","468","368","1988","1501","1401","914","1657","1170","1070","583","483","352","383","1616","252","152","1516","1772","1285","1185","698","598","954","111","467","498","11","367","1731","623","1987","136","1887","36","1400","1300","813","1169","1200","713","1069","582","613","969","482","738","251","151","1871","1515","1415","1771","1284","928","1315","828","1184","1084","597","853","366","1630","1986","266","1530","1886","1399","166","1430","1786","1299","1555","1068","968","481","381","281","1901","1414","1670","1183","1083","596","983","496","365","396","265","1529","165","34","1785","1298","1198","711","1067","1098","611","967","511","24","380","867","2000","636","149","1900","1413","49","1800","1313","1182","1213","1569","1082","726","626","982","495","751","264","1528","164","1884","1915","1428","1784","64","1328","1684","1197","1097","1453","966","866","379","766","279","1999","179","1899","1543","1443","1799","1312","1568","1081","981","494","881","394","294","1914","1427","63","1683","1196","1583","1096","996","509","409","278","309","1898","47","534","1798","1311","1698","1211","1111","624","980","524","880","37","393","649","162","1913","62","549","1813","1326","1682","1226","739","1095","1582","1126","639","995","508","764","277","664","177","1928","1441","77","1797","1341","1697","1210","1241","1597","1466","979","1366","879","779","292","1556","1912","192","1943","92","1812","1325","1581","1094","1481","994","894","407","307","176","207","1927","76","1696","332","1596","1109","1009","522","909","422","291","547","1911","1811","447","1711","1224","1124","637","993","1024","537","893","1149","662","562","75","1926","1826","1339","1695","1726","1239","1595","1108","1139","1495","1008","652","1264","777","677","190","1941","90","1810","1841","1354","1710","1966","1479","115","1379","892","792","305","692","205","1925","1956","105","1825","1594","230","1494","1007","1394","907","807","320","220","1940","932","445","345","1709","1609","1122","1509","1022","922","435","791","1047","560","1824","460","360","1724","1624","1137","1037","550","906","1162","675","1939","88","575","475","1839","1708","1739","1252","1608","1152","665","1864","1377","13","1508","1277","790","1177","690","1954","590","103","1854","1367","1723","3","1979","128","1492","1392","905","1292","805","705","218","1969","118","1838","243","1607","1994","1507","143","1407","920","820","333","720","589","945","458","489","1722","358","258","1622","1522","1035","935","448","804","1060","573","960","473","373","1737","1637","1150","1506","1537","1050","1406","919","1175","688","1075","588","1852","488","1","1752","1265","1621","1652","1877","26","1390","1777","1290","1190","703","1967","116","603","503","16","1736","1867","272","1992","141","1505","1892","1405","41","1305","818","718","231","618","1982"] },
    { "column": "LO_suppkey",          "values": ["15","9","1","16","2","17","3","18","10","4","11","12","19","13","5","20","6","7","14","8"] },
    { "column": "LO_ORDERKEY",                 "values": ["1", "2"] },
    { "column": "LO_ORDERDATE",          "values": ["'1997-01-06'","'1995-09-07'","'1996-09-28'","'1995-05-30'","'1995-01-19'","'1995-02-19'","'1993-10-20'","'1994-10-11'","'1993-07-12'","'1998-03-28'","'1993-03-03'","'1992-03-12'","'1994-07-03'","'1993-04-03'","'1997-12-18'","'1996-08-18'","'1993-11-14'","'1997-08-09'","'1992-07-15'","'1992-11-23'","'1997-05-01'","'1992-04-06'","'1995-12-31'","'1997-01-21'","'1995-09-22'","'1995-06-14'","'1996-06-04'","'1995-02-03'","'1994-02-12'","'1993-11-04'","'1998-07-21'","'1993-06-26'","'1994-10-26'","'1997-12-02'","'1994-03-09'","'1992-11-07'","'1997-08-24'","'1993-11-29'","'1992-07-30'","'1997-04-15'","'1997-05-16'","'1996-01-15'","'1997-01-05'","'1992-04-21'","'1995-10-07'","'1996-09-27'","'1995-05-29'","'1994-06-07'","'1995-06-29'","'1995-02-18'","'1993-10-19'","'1994-07-02'","'1993-03-02'","'1998-03-27'","'1997-12-17'","'1992-11-22'","'1994-03-24'","'1997-09-08'","'1996-05-09'","'1992-08-14'","'1997-04-30'","'1996-01-30'","'1997-01-20'","'1995-09-21'","'1995-10-22'","'1996-10-12'","'1996-06-03'","'1995-02-02'","'1996-02-24'","'1994-10-25'","'1998-04-11'","'1993-03-17'","'1994-07-17'","'1998-01-01'","'1992-12-07'","'1997-08-23'","'1997-09-23'","'1992-08-29'","'1997-05-15'","'1992-04-20'","'1996-01-14'","'1996-09-26'","'1996-06-18'","'1995-02-17'","'1994-11-09'","'1993-07-10'","'1993-04-01'","'1997-12-16'","'1992-11-21'","'1992-12-22'","'1997-09-07'","'1992-08-13'","'1998-05-21'","'1993-04-26'","'1997-01-19'","'1996-10-11'","'1995-06-12'","'1995-03-04'","'1993-11-02'","'1994-10-24'","'1994-11-24'","'1993-07-25'","'1994-07-16'","'1998-04-10'","'1993-03-16'","'1993-04-16'","'1995-03-29'","'1993-11-27'","'1997-05-14'","'1992-04-19'","'1993-08-19'","'1997-02-03'","'1995-10-05'","'1992-01-10'","'1996-09-25'","'1995-06-27'","'1996-06-17'","'1995-02-16'","'1995-03-19'","'1996-03-09'","'1993-11-17'","'1994-11-08'","'1995-07-22'","'1994-03-22'","'1997-09-06'","'1993-12-12'","'1992-08-12'","'1997-05-29'","'1992-05-04'","'1997-01-18'","'1996-01-28'","'1997-02-18'","'1995-10-20'","'1996-10-10'","'1995-06-11'","'1992-01-25'","'1995-07-12'","'1996-07-02'","'1995-03-03'","'1995-11-14'","'1994-07-15'","'1997-12-30'","'1992-12-05'","'1994-04-06'","'1993-12-27'","'1992-08-27'","'1997-05-13'","'1997-09-21'","'1997-06-13'","'1992-05-19'","'1998-06-04'","'1997-02-02'","'1997-10-16'","'1992-09-21'","'1996-06-16'","'1996-03-08'","'1994-11-07'","'1994-07-30'","'1998-04-24'","'1993-03-30'","'1998-01-14'","'1994-04-21'","'1997-09-05'","'1992-08-11'","'1992-12-20'","'1997-10-06'","'1992-09-11'","'1997-05-28'","'1992-05-03'","'1998-02-08'","'1996-10-09'","'1993-01-14'","'1996-07-01'","'1995-03-02'","'1996-03-23'","'1994-11-22'","'1994-08-14'","'1993-04-14'","'1993-01-04'","'1993-12-26'","'1992-08-26'","'1993-08-17'","'1997-09-20'","'1998-06-03'","'1997-02-01'","'1993-05-09'","'1992-01-08'","'1996-10-24'","'1995-06-25'","'1996-07-16'","'1995-03-17'","'1994-11-06'","'1994-12-07'","'1993-08-07'","'1994-07-29'","'1995-04-11'","'1993-12-10'","'1997-05-27'","'1992-05-02'","'1993-09-01'","'1998-06-18'","'1997-02-16'","'1993-05-24'","'1992-01-23'","'1996-10-08'","'1996-11-08'","'1995-07-10'","'1996-06-30'","'1995-04-01'","'1996-03-22'","'1993-11-30'","'1994-11-21'","'1995-08-04'","'1994-04-04'","'1993-12-25'","'1997-09-19'","'1992-08-25'","'1993-09-16'","'1998-06-02'","'1992-05-17'","'1997-01-31'","'1997-06-11'","'1997-03-03'","'1992-02-07'","'1996-10-23'","'1995-11-02'","'1998-02-22'","'1995-07-25'","'1996-07-15'","'1997-07-06'","'1996-03-06'","'1992-06-11'","'1995-11-27'","'1994-07-28'","'1995-08-19'","'1994-04-19'","'1994-01-09'","'1997-10-04'","'1992-09-09'","'1997-06-26'","'1992-06-01'","'1998-06-17'","'1997-02-15'","'1997-10-29'","'1996-06-29'","'1992-10-04'","'1996-03-21'","'1994-11-20'","'1995-12-12'","'1994-08-12'","'1994-05-04'","'1993-01-02'","'1998-01-27'","'1992-09-24'","'1997-06-10'","'1992-05-16'","'1998-02-21'","'1993-01-27'","'1996-10-22'","'1997-11-13'","'1992-10-19'","'1996-07-14'","'1996-04-05'","'1994-12-05'","'1994-08-27'","'1993-04-27'","'1994-04-18'","'1994-05-19'","'1993-01-17'","'1994-12-30'","'1993-08-30'","'1998-06-16'","'1997-02-14'","'1992-01-21'","'1993-05-22'","'1998-03-08'","'1996-11-06'","'1993-02-11'","'1996-07-29'","'1995-03-30'","'1994-12-20'","'1993-08-20'","'1994-08-11'","'1995-04-24'","'1993-12-23'","'1995-01-14'","'1993-09-14'","'1998-07-01'","'1993-06-06'","'1992-02-05'","'1997-03-01'","'1996-11-21'","'1995-07-23'","'1996-07-13'","'1996-08-13'","'1995-04-14'","'1996-04-04'","'1994-12-04'","'1995-08-17'","'1994-04-17'","'1995-05-09'","'1994-01-07'","'1993-09-29'","'1998-06-15'","'1997-06-24'","'1992-05-30'","'1997-03-16'","'1995-11-15'","'1992-02-20'","'1996-11-05'","'1998-03-07'","'1996-12-06'","'1995-08-07'","'1997-07-19'","'1996-03-19'","'1992-06-24'","'1997-04-10'","'1995-12-10'","'1992-03-16'","'1995-09-01'","'1994-05-02'","'1997-10-17'","'1992-09-22'","'1994-01-22'","'1993-10-14'","'1997-07-09'","'1997-02-28'","'1992-06-14'","'1998-06-30'","'1993-02-25'","'1997-11-11'","'1996-07-12'","'1992-10-17'","'1997-08-03'","'1996-04-03'","'1992-07-09'","'1995-12-25'","'1994-08-25'","'1994-05-17'","'1993-01-15'","'1994-02-06'","'1992-10-07'","'1993-05-20'","'1993-06-20'","'1994-06-11'","'1993-02-09'","'1998-03-06'","'1997-11-26'","'1996-07-27'","'1992-11-01'","'1996-04-18'","'1994-12-18'","'1996-01-09'","'1994-09-09'","'1994-05-01'","'1995-05-23'","'1995-01-12'","'1993-09-12'","'1998-06-29'","'1993-06-04'","'1994-10-04'","'1998-03-21'","'1996-11-19'","'1993-02-24'","'1996-08-11'","'1995-04-12'","'1996-05-03'","'1995-01-02'","'1995-12-24'","'1996-09-05'","'1995-05-07'","'1995-01-27'","'1993-09-27'","'1998-07-14'","'1993-06-19'","'1992-02-18'","'1997-03-14'","'1998-04-05'","'1996-12-04'","'1993-03-11'","'1996-07-26'","'1996-08-26'","'1995-04-27'","'1996-04-17'","'1995-12-08'","'1992-03-14'","'1996-12-29'","'1995-08-30'","'1995-05-22'","'1994-01-20'","'1997-07-07'","'1998-06-28'","'1993-10-12'","'1992-06-12'","'1998-07-29'","'1997-03-29'","'1992-03-04'","'1998-03-20'","'1993-07-04'","'1992-11-15'","'1997-08-01'","'1992-07-07'","'1993-11-06'","'1997-04-23'","'1995-12-23'","'1992-03-29'","'1995-09-14'","'1994-05-15'","'1995-06-06'","'1994-02-04'","'1993-10-27'","'1992-06-27'","'1997-07-22'","'1998-07-13'","'1993-03-10'","'1994-03-01'","'1992-10-30'","'1997-11-24'","'1997-08-16'","'1992-07-22'","'1996-04-16'","'1996-01-07'","'1994-09-07'","'1995-09-29'","'1994-05-30'","'1994-02-19'","'1992-10-20'","'1993-10-11'","'1996-02-01'","'1994-10-02'","'1993-07-03'","'1994-06-24'","'1998-03-19'","'1993-02-22'","'1997-12-09'","'1996-08-09'","'1992-11-14'","'1997-08-31'","'1996-05-01'","'1992-08-06'","'1996-01-22'","'1994-09-22'","'1995-06-05'","'1996-05-26'","'1995-01-25'","'1998-07-12'","'1993-06-17'","'1994-10-17'","'1998-04-03'","'1993-03-09'","'1996-12-02'","'1997-12-24'","'1996-08-24'","'1992-11-29'","'1996-05-16'","'1995-01-15'","'1996-01-06'","'1996-09-18'","'1995-05-20'","'1995-02-09'","'1993-10-10'","'1998-07-27'","'1993-07-02'","'1994-11-01'","'1998-04-18'","'1993-03-24'","'1996-12-17'","'1996-09-08'","'1997-08-30'","'1992-08-05'","'1995-05-10'","'1992-03-27'","'1997-04-21'","'1997-01-11'","'1995-09-12'","'1995-06-04'","'1994-02-02'","'1995-02-24'","'1993-10-25'","'1993-07-17'","'1998-04-02'","'1997-04-11'","'1992-03-17'","'1992-11-28'","'1993-11-19'","'1997-08-14'","'1992-07-20'","'1992-08-20'","'1997-05-06'","'1992-04-11'","'1996-01-05'","'1997-01-26'","'1992-01-02'","'1995-09-27'","'1995-06-19'","'1994-02-17'","'1997-08-04'","'1993-11-09'","'1992-07-10'","'1998-07-26'","'1993-03-23'","'1997-12-07'","'1992-11-12'","'1994-03-14'","'1992-12-13'","'1997-08-29'","'1996-04-29'","'1992-08-04'","'1997-05-21'","'1992-04-26'","'1996-01-20'","'1995-10-12'","'1994-06-12'","'1995-02-23'","'1996-02-14'","'1993-10-24'","'1994-10-15'","'1994-11-15'","'1998-04-01'","'1994-07-07'","'1993-03-07'","'1994-03-29'","'1992-11-27'","'1997-12-22'","'1997-09-13'","'1992-08-19'","'1996-05-14'","'1996-02-04'","'1994-10-05'","'1995-06-18'","'1996-06-08'","'1995-02-07'","'1995-03-10'","'1998-07-25'","'1994-10-30'","'1998-04-16'","'1994-07-22'","'1993-03-22'","'1998-01-06'","'1996-09-06'","'1992-12-12'","'1996-05-29'","'1995-01-28'","'1996-01-19'","'1997-02-09'","'1992-01-16'","'1996-10-01'","'1995-06-02'","'1996-06-23'","'1995-02-22'","'1994-11-14'","'1993-07-15'","'1998-05-01'","'1993-04-06'","'1997-12-21'","'1996-12-30'","'1998-01-21'","'1992-08-18'","'1997-05-04'","'1992-04-09'","'1992-05-10'","'1997-01-24'","'1996-10-16'","'1995-06-17'","'1995-03-09'","'1993-11-07'","'1993-07-30'","'1998-04-15'","'1994-04-12'","'1992-12-11'","'1993-12-02'","'1992-08-02'","'1997-08-27'","'1992-09-02'","'1997-05-19'","'1993-08-24'","'1992-04-24'","'1997-02-08'","'1995-10-10'","'1992-01-15'","'1995-07-02'","'1994-03-02'","'1995-03-24'","'1993-11-22'","'1993-07-14'","'1994-07-05'","'1995-11-04'","'1994-08-05'","'1993-04-05'","'1994-03-27'","'1995-07-27'","'1992-12-26'","'1997-09-11'","'1992-08-17'","'1993-12-17'","'1997-06-03'","'1992-05-09'","'1996-02-02'","'1997-02-23'","'1992-01-30'","'1995-10-25'","'1996-07-07'","'1995-03-08'","'1996-02-27'","'1994-10-28'","'1994-11-28'","'1995-11-19'","'1994-04-11'","'1992-12-10'","'1998-01-04'","'1997-09-26'","'1996-05-27'","'1992-09-01'","'1997-06-18'","'1996-02-17'","'1992-05-24'","'1996-10-30'","'1997-10-21'","'1996-06-21'","'1995-07-01'","'1996-03-13'","'1994-11-12'","'1994-08-04'","'1993-04-04'","'1998-04-29'","'1994-04-26'","'1992-12-25'","'1998-01-19'","'1997-10-11'","'1992-09-16'","'1992-05-08'","'1997-01-22'","'1998-05-24'","'1997-02-22'","'1998-02-13'","'1996-10-14'","'1992-01-29'","'1996-07-06'","'1995-03-07'","'1994-11-27'","'1993-07-28'","'1994-08-19'","'1998-05-14'","'1998-01-03'","'1993-04-19'","'1993-12-31'","'1992-08-31'","'1992-05-23'","'1993-05-14'","'1992-01-13'","'1997-02-06'","'1998-06-08'","'1996-10-29'","'1995-06-30'","'1996-07-21'","'1995-03-22'","'1994-12-12'","'1993-08-12'","'1994-04-25'","'1992-12-24'","'1993-12-15'","'1992-09-15'","'1993-09-06'","'1992-05-07'","'1997-06-01'","'1992-06-07'","'1997-02-21'","'1995-10-23'","'1992-01-28'","'1996-11-13'","'1995-07-15'","'1995-04-06'","'1993-12-05'","'1994-11-26'","'1995-11-17'","'1994-08-18'","'1995-08-09'","'1994-04-09'","'1993-04-18'","'1993-01-08'","'1997-09-24'","'1993-12-30'","'1992-08-30'","'1992-09-30'","'1997-06-16'","'1993-09-21'","'1992-05-22'","'1997-03-08'","'1995-11-07'","'1992-02-12'","'1996-07-20'","'1997-07-11'","'1996-03-11'","'1995-03-21'","'1994-12-11'","'1995-12-02'","'1994-08-02'","'1994-09-02'","'1994-04-24'","'1998-01-17'","'1992-12-23'","'1997-10-09'","'1992-09-14'","'1994-01-14'","'1997-07-01'","'1996-03-01'","'1992-06-06'","'1996-11-12'","'1997-11-03'","'1996-07-04'","'1996-03-26'","'1994-11-25'","'1995-12-17'","'1994-08-17'","'1994-05-09'","'1993-01-07'","'1998-02-01'","'1997-10-24'","'1993-09-20'","'1992-05-21'","'1997-06-15'","'1998-06-06'","'1997-03-07'","'1998-02-26'","'1996-10-27'","'1992-02-11'","'1996-07-19'","'1995-03-20'","'1996-04-10'","'1994-12-10'","'1994-09-01'","'1998-05-27'","'1993-05-02'","'1994-01-13'","'1992-09-13'","'1993-09-04'","'1998-06-21'","'1993-05-27'","'1997-02-19'","'1992-01-26'","'1992-06-05'","'1998-03-13'","'1996-11-11'","'1992-02-26'","'1993-02-16'","'1996-08-03'","'1995-04-04'","'1994-12-25'","'1993-08-25'","'1994-05-08'","'1993-01-06'","'1993-12-28'","'1994-01-28'","'1992-09-28'","'1997-06-14'","'1992-05-20'","'1993-09-19'","'1992-06-20'","'1993-06-11'","'1997-03-06'","'1992-02-10'","'1998-07-06'","'1996-11-26'","'1995-07-28'","'1996-04-09'","'1994-12-09'","'1995-11-30'","'1994-08-31'","'1995-08-22'","'1993-05-01'","'1994-04-22'","'1994-05-23'","'1993-01-21'","'1994-01-12'","'1995-05-14'","'1993-10-04'","'1992-06-04'","'1997-06-29'","'1997-03-21'","'1995-11-20'","'1992-02-25'","'1996-08-02'","'1997-07-24'","'1996-03-24'","'1995-04-03'","'1996-04-24'","'1994-12-24'","'1995-12-15'","'1994-08-15'","'1994-09-15'","'1995-09-06'","'1994-05-07'","'1997-10-22'","'1992-09-27'","'1994-01-27'","'1997-07-14'","'1996-03-14'","'1992-06-19'","'1998-02-24'","'1992-02-09'","'1996-11-25'","'1997-11-16'","'1996-07-17'","'1996-08-17'","'1997-08-08'","'1996-04-08'","'1995-12-30'","'1994-08-30'","'1994-05-22'","'1993-01-20'","'1998-02-14'","'1993-10-03'","'1992-06-03'","'1998-06-19'","'1998-07-20'","'1993-06-25'","'1998-03-11'","'1992-02-24'","'1996-11-09'","'1997-12-01'","'1996-08-01'","'1996-04-23'","'1994-12-23'","'1994-09-14'","'1993-05-15'","'1998-06-09'","'1995-05-28'","'1994-01-26'","'1993-09-17'","'1993-10-18'","'1992-06-18'","'1993-06-09'","'1998-07-04'","'1992-03-10'","'1996-11-24'","'1993-03-01'","'1998-03-26'","'1996-08-16'","'1995-04-17'","'1996-05-08'","'1995-01-07'","'1994-08-29'","'1995-09-20'","'1994-05-21'","'1995-05-12'","'1994-01-10'","'1994-02-10'","'1995-02-01'","'1993-10-02'","'1992-10-11'","'1992-07-03'","'1997-03-19'","'1993-06-24'","'1998-07-19'","'1992-02-23'","'1992-03-25'","'1996-12-09'","'1995-08-10'","'1997-08-22'","'1996-04-22'","'1992-07-28'","'1995-12-13'","'1996-01-13'","'1994-09-13'","'1995-09-04'","'1994-06-05'","'1995-05-27'","'1994-01-25'","'1994-02-25'","'1993-10-17'","'1997-07-12'","'1992-06-17'","'1997-04-03'","'1993-07-09'","'1992-03-09'","'1997-12-15'","'1996-08-15'","'1992-11-20'","'1997-08-06'","'1996-04-06'","'1996-05-07'","'1995-01-06'","'1995-12-28'","'1997-04-28'","'1995-09-19'","'1994-05-20'","'1994-02-09'","'1992-10-10'","'1997-11-04'","'1993-11-01'","'1997-07-27'","'1993-06-23'","'1998-07-18'","'1998-03-09'","'1994-10-23'","'1998-04-09'","'1996-12-08'","'1997-11-29'","'1993-03-15'","'1996-08-30'","'1997-08-21'","'1996-04-21'","'1996-05-22'","'1996-01-12'","'1994-09-12'","'1995-10-04'","'1994-06-04'","'1995-02-15'","'1993-10-16'","'1998-07-02'","'1998-08-02'","'1993-07-08'","'1992-03-08'","'1998-03-24'","'1997-12-14'","'1996-08-14'","'1996-05-06'","'1995-01-05'","'1996-01-27'","'1994-09-27'","'1995-06-10'","'1994-02-08'","'1993-10-31'","'1998-07-17'","'1993-06-22'","'1992-07-01'","'1993-07-23'","'1998-04-08'","'1996-12-07'","'1993-03-14'","'1992-03-23'","'1997-12-29'","'1996-08-29'","'1992-12-04'","'1996-05-21'","'1997-05-12'","'1996-01-11'","'1992-04-17'","'1995-09-02'","'1995-10-03'","'1994-06-03'","'1995-05-25'","'1994-02-23'","'1992-10-24'","'1995-02-14'","'1993-10-15'","'1993-11-15'","'1992-07-16'","'1997-04-01'","'1992-03-07'","'1998-08-01'","'1993-07-07'","'1998-04-23'","'1996-12-22'","'1993-03-29'","'1992-04-07'","'1997-09-04'","'1996-05-05'","'1992-08-10'","'1996-01-26'","'1994-09-26'","'1997-01-16'","'1995-09-17'","'1995-10-18'","'1994-06-18'","'1995-06-09'","'1994-02-07'","'1994-03-10'","'1995-03-01'","'1993-10-30'","'1993-07-22'","'1992-03-22'","'1997-04-16'","'1997-11-27'","'1997-12-28'","'1992-12-03'","'1997-08-19'","'1996-08-28'","'1996-05-20'","'1997-05-11'","'1996-01-10'","'1996-02-10'","'1995-10-02'","'1994-06-02'","'1995-06-24'","'1994-02-22'","'1994-11-05'","'1993-07-06'","'1998-07-31'","'1998-04-22'","'1993-03-28'","'1997-12-12'","'1996-12-21'","'1998-01-12'","'1996-09-12'","'1997-09-03'","'1996-05-04'","'1992-12-18'","'1997-05-26'","'1996-01-25'","'1995-10-17'","'1994-06-17'","'1995-02-28'","'1993-10-29'","'1993-07-21'","'1998-04-06'","'1992-03-21'","'1998-05-07'","'1993-04-12'","'1997-12-27'","'1996-08-27'","'1992-12-02'","'1997-09-18'","'1992-08-24'","'1996-05-19'","'1996-02-09'","'1994-10-10'","'1995-06-23'","'1994-02-21'","'1995-03-15'","'1993-11-13'","'1998-07-30'","'1993-07-05'","'1993-08-05'","'1992-04-05'","'1998-04-21'","'1993-03-27'","'1998-01-11'","'1992-12-17'","'1996-09-11'","'1997-05-25'","'1992-04-30'","'1996-01-24'","'1995-10-16'","'1994-06-16'","'1995-06-07'","'1995-07-08'","'1994-03-08'","'1995-02-27'","'1993-11-28'","'1992-07-29'","'1993-07-20'","'1994-11-19'","'1998-05-06'","'1997-01-04'","'1993-04-11'","'1997-09-17'","'1992-08-23'","'1997-05-09'","'1996-05-18'","'1997-06-09'","'1996-02-08'","'1992-05-15'","'1995-09-30'","'1997-01-29'","'1995-10-31'","'1996-10-21'","'1994-07-01'","'1995-06-22'","'1994-03-23'","'1995-03-14'","'1993-11-12'","'1993-12-13'","'1997-04-29'","'1992-04-04'","'1993-03-26'","'1993-08-04'","'1998-01-10'","'1992-12-16'","'1996-09-10'","'1997-09-01'","'1997-10-02'","'1992-09-07'","'1997-05-24'","'1996-06-02'","'1996-02-23'","'1997-02-13'","'1995-10-15'","'1995-07-07'","'1994-03-07'","'1994-11-18'","'1993-07-19'","'1998-05-05'","'1994-08-10'","'1997-12-25'","'1993-04-10'","'1998-01-25'","'1992-12-31'","'1997-09-16'","'1997-06-08'","'1996-02-07'","'1995-10-30'","'1994-06-30'","'1995-03-13'","'1993-11-11'","'1994-12-03'","'1993-08-03'","'1998-05-20'","'1993-04-25'","'1998-01-09'","'1992-12-15'","'1997-10-01'","'1996-06-01'","'1992-09-06'","'1997-06-23'","'1992-05-29'","'1997-02-12'","'1995-10-14'","'1992-01-19'","'1996-02-22'","'1996-11-04'","'1995-07-06'","'1995-03-28'","'1993-11-26'","'1993-08-18'","'1998-05-04'","'1994-08-09'","'1992-04-18'","'1993-04-09'","'1993-05-10'","'1998-01-24'","'1992-01-09'","'1992-12-30'","'1996-09-24'","'1997-06-07'","'1996-02-06'","'1992-05-13'","'1997-02-27'","'1992-02-03'","'1995-10-29'","'1995-07-21'","'1994-03-21'","'1995-03-12'","'1993-12-11'","'1994-12-02'","'1993-08-02'","'1993-09-02'","'1994-08-24'","'1998-05-19'","'1993-04-24'","'1994-01-05'","'1992-09-05'","'1997-09-30'","'1997-05-22'","'1997-06-22'","'1992-05-28'","'1996-02-21'","'1997-02-11'","'1995-11-13'","'1996-11-03'","'1995-07-05'","'1994-07-14'","'1995-08-05'","'1994-04-05'","'1995-03-27'","'1993-11-25'","'1994-12-17'","'1994-08-08'","'1993-04-08'","'1998-05-03'","'1994-04-30'","'1998-01-23'","'1992-12-29'","'1997-10-15'","'1996-06-15'","'1992-09-20'","'1997-06-06'","'1996-03-07'","'1997-02-26'","'1995-10-28'","'1995-11-28'","'1996-11-18'","'1995-07-20'","'1996-04-01'","'1994-12-01'","'1994-08-23'","'1998-05-18'","'1993-04-23'","'1998-02-07'","'1993-01-13'","'1997-09-29'","'1997-10-30'","'1992-10-05'","'1997-06-21'","'1996-02-20'","'1997-03-13'","'1995-11-12'","'1996-07-25'","'1995-03-26'","'1994-12-16'","'1993-08-16'","'1993-05-08'","'1992-01-07'","'1992-12-28'","'1993-01-28'","'1997-10-14'","'1992-09-19'","'1998-06-27'","'1993-06-02'","'1997-02-25'","'1992-02-01'","'1996-11-17'","'1995-07-19'","'1995-04-10'","'1993-12-09'","'1994-11-30'","'1994-12-31'","'1993-08-31'","'1994-08-22'","'1998-05-17'","'1993-04-22'","'1993-05-23'","'1998-02-06'","'1994-05-14'","'1992-01-22'","'1993-01-12'","'1997-06-20'","'1993-09-25'","'1992-05-26'","'1997-03-12'","'1995-11-11'","'1992-02-16'","'1995-08-03'","'1994-04-03'","'1995-03-25'","'1995-04-25'","'1993-12-24'","'1994-12-15'","'1996-04-15'","'1993-09-15'","'1994-09-06'","'1993-05-07'","'1998-06-01'","'1994-01-18'","'1992-09-18'","'1997-10-13'","'1997-07-05'","'1996-03-05'","'1997-02-24'","'1992-06-10'","'1997-03-27'","'1992-03-02'","'1996-11-16'","'1995-11-26'","'1995-07-18'","'1995-08-18'","'1996-08-08'","'1995-04-09'","'1995-12-21'","'1994-08-21'","'1994-05-13'","'1993-01-11'","'1998-02-05'","'1997-10-28'","'1992-10-03'","'1996-06-28'","'1997-06-19'","'1997-07-20'","'1996-03-20'","'1992-06-25'","'1997-03-11'","'1998-07-11'","'1995-12-11'","'1996-12-01'","'1995-08-02'","'1996-04-14'","'1994-12-14'","'1998-05-31'","'1993-05-06'","'1994-09-05'","'1994-05-28'","'1993-01-26'","'1997-10-12'","'1998-02-20'","'1997-11-12'","'1992-10-18'","'1997-07-04'","'1997-03-26'","'1995-11-25'","'1993-02-20'","'1996-11-15'","'1992-03-01'","'1996-08-07'","'1995-04-08'","'1994-12-29'","'1994-09-20'","'1993-05-21'","'1993-02-10'","'1997-10-27'","'1992-10-02'","'1998-07-10'","'1997-03-10'","'1992-02-14'","'1993-06-15'","'1996-11-30'","'1995-08-01'","'1996-08-22'","'1995-04-23'","'1994-12-13'","'1995-01-13'","'1993-09-13'","'1994-09-04'","'1993-06-05'","'1994-05-27'","'1998-02-19'","'1992-02-04'","'1993-01-25'","'1997-07-03'","'1992-06-08'","'1993-10-08'","'1993-06-30'","'1992-02-29'","'1997-03-25'","'1996-12-15'","'1995-08-16'","'1996-08-06'","'1995-05-08'","'1994-01-06'","'1994-12-28'","'1996-04-28'","'1993-09-28'","'1998-06-14'","'1995-09-10'","'1994-09-19'","'1994-05-11'","'1997-10-26'","'1994-01-31'","'1992-10-01'","'1997-07-18'","'1993-10-23'","'1997-03-09'","'1992-06-23'","'1997-04-09'","'1992-03-15'","'1996-11-29'","'1995-12-09'","'1995-08-31'","'1996-08-21'","'1995-04-22'","'1996-01-03'","'1994-09-03'","'1995-09-25'","'1994-05-26'","'1997-11-10'","'1994-02-15'","'1992-10-16'","'1997-08-02'","'1998-07-24'","'1997-03-24'","'1992-07-08'","'1996-04-02'","'1997-04-24'","'1992-03-30'","'1996-12-14'","'1995-08-15'","'1996-04-27'","'1994-12-27'","'1996-01-18'","'1994-09-18'","'1998-03-05'","'1994-06-10'","'1993-02-08'","'1997-11-25'","'1992-10-31'","'1997-07-17'","'1992-06-22'","'1997-08-17'","'1992-07-23'","'1997-04-08'","'1998-03-30'","'1993-03-05'","'1996-11-28'","'1997-12-20'","'1996-08-20'","'1992-11-25'","'1996-05-12'","'1995-01-11'","'1994-10-03'","'1993-06-03'","'1994-06-25'","'1993-02-23'","'1997-11-09'","'1992-10-15'","'1998-07-23'","'1997-03-23'","'1993-06-28'","'1992-02-27'","'1998-04-14'","'1996-12-13'","'1993-03-20'","'1996-09-04'","'1995-05-06'","'1995-01-26'","'1993-09-26'","'1994-09-17'","'1994-10-18'","'1993-06-18'","'1994-06-09'","'1998-03-04'","'1993-02-07'","'1995-02-20'","'1993-10-21'","'1997-04-07'","'1992-03-13'","'1993-07-13'","'1996-12-28'","'1995-08-29'","'1996-09-19'","'1995-05-21'","'1996-05-11'","'1995-01-10'","'1995-02-10'","'1995-09-23'","'1994-05-24'","'1995-06-15'","'1994-02-13'","'1997-07-31'","'1993-11-05'","'1992-07-06'","'1997-04-22'","'1995-12-22'","'1996-12-12'","'1992-03-28'","'1998-04-13'","'1997-01-12'","'1995-09-13'","'1996-09-03'","'1995-05-05'","'1997-05-17'","'1992-04-22'","'1996-01-16'","'1995-10-08'","'1994-06-08'","'1997-11-23'","'1992-10-29'","'1994-02-28'","'1993-11-20'","'1992-07-21'","'1997-04-06'","'1997-08-15'","'1997-05-07'","'1992-04-12'","'1996-12-27'","'1998-04-28'","'1997-09-09'","'1992-08-15'","'1996-05-10'","'1996-01-31'","'1994-10-01'","'1994-06-23'","'1993-02-21'","'1998-03-18'","'1994-03-15'","'1997-12-08'","'1997-07-30'","'1992-07-05'","'1992-11-13'","'1993-07-27'","'1994-07-18'","'1998-04-12'","'1993-03-18'","'1998-01-02'","'1996-09-02'","'1992-12-08'","'1996-05-25'","'1995-01-24'","'1996-02-15'","'1994-10-16'","'1994-07-08'","'1993-03-08'","'1994-02-27'","'1994-11-10'","'1993-07-11'","'1998-04-27'","'1996-12-26'","'1993-04-02'","'1996-09-17'","'1995-05-19'","'1996-06-09'","'1995-02-08'","'1994-09-30'","'1994-10-31'","'1993-07-01'","'1994-06-22'","'1995-06-13'","'1995-03-05'","'1993-11-03'","'1993-07-26'","'1997-04-20'","'1992-03-26'","'1998-05-12'","'1997-01-10'","'1993-04-17'","'1996-09-01'","'1996-10-02'","'1995-06-03'","'1996-05-24'","'1997-02-04'","'1995-10-06'","'1992-01-11'","'1995-06-28'","'1994-02-26'","'1997-08-13'","'1992-07-19'","'1993-11-18'","'1993-08-10'","'1997-05-05'","'1992-04-10'","'1998-04-26'","'1997-01-25'","'1992-01-01'","'1998-01-16'","'1995-09-26'","'1996-09-16'","'1997-05-30'","'1992-05-05'","'1996-01-29'","'1995-10-21'","'1994-06-21'","'1995-07-13'","'1994-03-13'","'1993-12-03'","'1997-08-28'","'1992-08-03'","'1997-05-20'","'1992-04-25'","'1997-01-09'","'1997-12-31'","'1998-05-11'","'1994-04-07'","'1992-12-06'","'1997-09-22'","'1992-08-28'","'1996-05-23'","'1996-02-13'","'1994-10-14'","'1995-11-05'","'1994-07-06'","'1994-03-28'","'1992-11-26'","'1993-08-09'","'1998-04-25'","'1993-03-31'","'1994-07-31'","'1998-01-15'","'1996-09-15'","'1992-12-21'","'1997-10-07'","'1996-06-07'","'1992-09-12'","'1996-02-28'","'1994-10-29'","'1994-07-21'","'1993-03-21'","'1994-03-12'","'1994-11-23'","'1993-07-24'","'1997-01-08'","'1993-04-15'","'1998-01-30'","'1993-01-05'","'1996-09-30'","'1996-06-22'","'1995-02-21'","'1996-02-12'","'1994-11-13'","'1996-10-25'","'1995-06-26'","'1995-03-18'","'1993-11-16'","'1994-12-08'","'1993-08-08'","'1998-05-25'","'1997-01-23'","'1993-04-30'","'1996-10-15'","'1995-06-16'","'1996-06-06'","'1997-02-17'","'1992-01-24'","'1995-10-19'","'1995-07-11'","'1994-03-11'","'1995-04-02'","'1993-12-01'","'1997-05-18'","'1993-08-23'","'1998-05-09'","'1992-04-23'","'1997-02-07'","'1998-01-29'","'1992-01-14'","'1996-09-29'","'1995-10-09'","'1992-09-26'","'1997-06-12'","'1992-05-18'","'1996-02-11'","'1997-03-04'","'1995-11-03'","'1992-02-08'","'1995-07-26'","'1994-03-26'","'1993-12-16'","'1997-09-10'","'1992-08-16'","'1993-09-07'","'1997-06-02'","'1993-04-29'","'1994-04-20'","'1998-01-13'","'1992-12-19'","'1993-01-19'","'1997-10-05'","'1996-06-05'","'1992-09-10'","'1997-06-27'","'1996-02-26'","'1992-06-02'","'1995-11-18'","'1994-07-19'","'1994-04-10'","'1992-12-09'","'1994-12-22'","'1993-08-22'","'1994-08-13'","'1993-04-13'","'1998-05-08'","'1998-01-28'","'1994-05-05'","'1993-01-03'","'1997-10-20'","'1996-06-20'","'1992-09-25'","'1996-03-12'","'1994-11-11'","'1995-12-03'","'1994-08-03'","'1994-03-25'","'1995-03-16'","'1995-04-16'","'1994-12-06'","'1993-08-06'","'1998-05-23'","'1993-04-28'","'1994-08-28'","'1998-02-12'","'1993-01-18'","'1996-10-13'","'1996-07-05'","'1995-03-06'","'1996-02-25'","'1996-03-27'","'1997-03-18'","'1992-02-22'","'1996-11-07'","'1995-07-09'","'1996-07-30'","'1995-03-31'","'1994-12-21'","'1993-08-21'","'1998-06-07'","'1997-02-05'","'1993-05-13'","'1992-01-12'","'1998-02-27'","'1996-10-28'","'1993-02-02'","'1996-06-19'","'1997-10-19'","'1992-06-16'","'1997-03-02'","'1992-02-06'","'1995-11-01'","'1996-11-22'","'1995-07-24'","'1995-04-15'","'1993-12-14'","'1997-05-31'","'1993-09-05'","'1992-05-06'","'1998-05-22'","'1998-06-22'","'1997-02-20'","'1993-05-28'","'1998-02-11'","'1994-01-08'","'1997-10-03'","'1992-01-27'","'1992-09-08'","'1992-10-09'","'1993-09-30'","'1992-05-31'","'1997-06-25'","'1997-03-17'","'1992-02-21'","'1995-11-16'","'1995-08-08'","'1994-04-08'","'1995-04-30'","'1993-12-29'","'1994-09-11'","'1993-05-12'","'1998-01-26'","'1993-01-01'","'1994-05-03'","'1993-02-01'","'1994-01-23'","'1992-09-23'","'1997-10-18'","'1997-07-10'","'1992-06-15'","'1996-03-10'","'1995-12-01'","'1994-08-01'","'1995-08-23'","'1994-04-23'","'1995-01-04'","'1995-12-26'","'1994-08-26'","'1994-05-18'","'1993-01-16'","'1998-02-10'","'1997-11-02'","'1992-10-08'","'1996-07-03'","'1997-07-25'","'1992-06-30'","'1996-03-25'","'1995-12-16'","'1994-08-16'","'1996-07-28'","'1995-04-29'","'1996-04-19'","'1994-12-19'","'1994-09-10'","'1993-05-11'","'1998-06-05'","'1998-02-25'","'1993-01-31'","'1996-10-26'","'1997-11-17'","'1992-10-23'","'1996-07-18'","'1997-03-31'","'1998-03-22'","'1992-03-06'","'1996-11-20'","'1996-08-12'","'1995-04-13'","'1995-01-03'","'1993-09-03'","'1994-09-25'","'1993-05-26'","'1998-02-09'","'1998-06-20'","'1998-03-12'","'1996-11-10'","'1997-11-01'","'1993-02-15'","'1992-06-29'","'1997-03-15'","'1992-02-19'","'1998-07-15'","'1996-12-05'","'1995-08-06'","'1995-04-28'","'1995-01-18'","'1993-09-18'","'1998-07-05'","'1993-06-10'","'1994-06-01'","'1993-01-30'","'1997-03-05'","'1994-01-21'","'1992-10-22'","'1993-10-13'","'1992-06-13'","'1997-07-08'","'1992-07-14'","'1997-03-30'","'1992-03-05'","'1995-11-29'","'1996-12-20'","'1995-08-21'","'1995-05-13'","'1994-01-11'","'1994-09-24'","'1993-05-25'","'1994-05-16'","'1995-09-15'","'1993-02-14'","'1997-10-31'","'1992-10-06'","'1994-02-05'","'1992-11-06'","'1997-07-23'","'1992-06-28'","'1993-10-28'","'1997-04-14'","'1992-03-20'","'1995-12-14'","'1995-09-05'","'1994-05-06'","'1995-01-17'","'1996-01-08'","'1994-09-08'","'1994-10-09'","'1998-02-23'","'1993-01-29'","'1994-05-31'","'1997-11-15'","'1992-10-21'","'1994-02-20'","'1997-08-07'","'1992-07-13'","'1996-04-07'","'1995-12-29'","'1996-12-19'","'1995-08-20'","'1996-08-10'","'1997-12-10'","'1996-05-02'","'1995-01-01'","'1996-01-23'","'1994-09-23'","'1994-06-15'","'1998-03-10'","'1993-02-13'","'1997-11-30'","'1996-07-31'","'1992-11-05'","'1997-04-13'","'1992-03-19'","'1996-12-03'","'1998-04-04'","'1997-01-03'","'1996-08-25'","'1995-04-26'","'1996-05-17'","'1995-01-16'","'1998-07-03'","'1993-06-08'","'1994-10-08'","'1998-03-25'","'1993-02-28'","'1997-11-14'","'1996-11-23'","'1992-07-12'","'1997-03-28'","'1992-03-03'","'1998-07-28'","'1998-04-19'","'1996-12-18'","'1993-03-25'","'1992-04-03'","'1996-09-09'","'1995-05-11'","'1995-01-31'","'1993-10-01'","'1994-06-14'","'1993-02-12'","'1994-02-03'","'1994-03-06'","'1992-11-04'","'1997-07-21'","'1992-06-26'","'1993-10-26'","'1992-07-27'","'1997-04-12'","'1993-07-18'","'1992-03-18'","'1997-01-02'","'1995-09-03'","'1995-05-26'","'1994-01-24'","'1994-10-07'","'1993-06-07'","'1994-05-29'","'1995-09-28'","'1994-06-29'","'1993-02-27'","'1995-06-20'","'1994-02-18'","'1992-11-19'","'1993-11-10'","'1997-08-05'","'1992-07-11'","'1997-04-27'","'1995-12-27'","'1992-04-02'","'1997-01-17'","'1995-09-18'","'1996-04-30'","'1996-05-31'","'1995-01-30'","'1996-01-21'","'1994-09-21'","'1994-10-22'","'1995-10-13'","'1994-06-13'","'1994-03-05'","'1992-11-03'","'1997-11-28'","'1997-08-20'","'1992-07-26'","'1996-04-20'","'1997-01-01'","'1997-12-23'","'1996-08-23'","'1996-09-23'","'1997-09-14'","'1996-05-15'","'1996-02-05'","'1994-10-06'","'1998-03-23'","'1993-02-26'","'1994-06-28'","'1997-12-13'","'1994-03-20'","'1992-11-18'","'1997-04-26'","'1998-04-17'","'1996-12-16'","'1993-08-01'","'1992-04-01'","'1998-01-07'","'1996-09-07'","'1996-05-30'","'1995-01-29'","'1998-07-16'","'1993-06-21'","'1994-10-21'","'1998-04-07'","'1993-03-13'","'1994-03-04'","'1994-07-13'","'1992-11-02'","'1993-11-24'","'1992-07-25'","'1993-07-16'","'1992-04-16'","'1998-05-02'","'1996-12-31'","'1993-04-07'","'1996-09-22'","'1995-05-24'","'1996-06-14'","'1995-02-13'","'1995-10-27'","'1994-06-27'","'1994-02-16'","'1994-03-19'","'1992-11-17'","'1993-11-08'","'1992-08-09'","'1993-07-31'","'1992-03-31'","'1997-04-25'","'1992-05-01'","'1997-01-15'","'1995-09-16'","'1996-10-07'","'1995-06-08'","'1996-02-19'","'1994-10-20'","'1995-10-11'","'1994-07-12'","'1993-03-12'","'1995-07-03'","'1994-03-03'","'1997-08-18'","'1993-11-23'","'1992-07-24'","'1993-08-15'","'1992-04-15'","'1997-05-10'","'1997-01-30'","'1992-01-06'","'1992-12-27'","'1997-09-12'","'1996-05-13'","'1995-10-01'","'1996-09-21'","'1996-06-13'","'1997-06-04'","'1995-02-12'","'1996-02-03'","'1994-11-04'","'1995-10-26'","'1994-06-26'","'1994-07-27'","'1994-03-18'","'1997-12-11'","'1992-11-16'","'1993-12-08'","'1997-09-02'","'1992-08-08'","'1998-05-16'","'1993-04-21'","'1998-01-05'","'1997-01-14'","'1996-10-06'","'1997-09-27'","'1996-05-28'","'1996-02-18'","'1994-10-19'","'1995-11-10'","'1994-07-11'","'1994-04-02'","'1992-12-01'","'1997-12-26'","'1993-08-14'","'1998-04-30'","'1992-04-14'","'1998-01-20'","'1996-09-20'","'1992-01-05'","'1996-06-12'","'1995-02-11'","'1996-03-04'","'1994-11-03'","'1998-04-20'","'1995-07-17'","'1994-03-17'","'1994-07-26'","'1993-12-07'","'1992-08-07'","'1993-07-29'","'1993-08-29'","'1998-05-15'","'1997-01-13'","'1993-04-20'","'1992-04-29'","'1992-01-20'","'1993-01-10'","'1998-02-04'","'1996-10-05'","'1996-06-27'","'1995-02-26'","'1995-11-09'","'1994-07-10'","'1994-04-01'","'1995-03-23'","'1993-11-21'","'1992-11-30'","'1993-12-22'","'1992-08-22'","'1997-05-08'","'1992-04-13'","'1993-08-13'","'1992-05-14'","'1993-05-05'","'1992-01-04'","'1997-01-28'","'1998-05-30'","'1996-10-20'","'1995-06-21'","'1996-03-03'","'1994-11-02'","'1995-10-24'","'1995-11-24'","'1994-07-25'","'1995-07-16'","'1994-03-16'","'1994-04-16'","'1995-04-07'","'1993-12-06'","'1997-05-23'","'1992-04-28'","'1993-08-28'","'1998-02-03'","'1996-10-04'","'1993-01-09'","'1997-09-25'","'1996-06-26'","'1997-06-17'","'1995-02-25'","'1996-02-16'","'1996-03-18'","'1994-11-17'","'1995-11-08'","'1994-07-09'","'1995-07-31'","'1994-03-31'","'1997-09-15'","'1992-08-21'","'1993-12-21'","'1998-05-29'","'1993-05-04'","'1997-01-27'","'1992-01-03'","'1998-01-18'","'1998-02-18'","'1996-10-19'","'1997-10-10'","'1996-06-10'","'1993-01-24'","'1996-07-11'","'1997-07-02'","'1996-03-02'","'1995-11-23'","'1994-07-24'","'1998-01-08'","'1992-12-14'","'1994-04-15'","'1993-08-27'","'1998-05-13'","'1992-04-27'","'1998-06-13'","'1993-05-19'","'1998-02-02'","'1996-10-03'","'1992-01-18'","'1997-10-25'","'1996-06-25'","'1996-03-17'","'1994-11-16'","'1995-07-30'","'1994-03-30'","'1995-04-21'","'1993-12-20'","'1993-08-11'","'1993-09-11'","'1998-05-28'","'1992-05-12'","'1993-05-03'","'1992-02-02'","'1993-01-23'","'1996-10-18'","'1998-02-17'","'1996-07-10'","'1995-03-11'","'1995-11-22'","'1994-07-23'","'1995-07-14'","'1995-08-14'","'1994-04-14'","'1995-04-05'","'1993-12-04'","'1994-01-04'","'1992-09-04'","'1994-12-26'","'1993-08-26'","'1998-06-12'","'1997-02-10'","'1992-01-17'","'1992-05-27'","'1993-05-18'","'1992-02-17'","'1996-11-02'","'1995-07-04'","'1992-09-29'","'1996-06-24'","'1997-07-16'","'1992-06-21'","'1996-03-16'","'1995-11-06'","'1995-12-07'","'1996-11-27'","'1995-07-29'","'1994-08-07'","'1994-04-29'","'1995-04-20'","'1993-12-19'","'1994-01-19'","'1993-09-10'","'1992-05-11'","'1997-06-05'","'1998-02-16'","'1993-01-22'","'1996-10-17'","'1997-10-08'","'1997-11-08'","'1992-10-14'","'1997-06-30'","'1996-02-29'","'1996-07-09'","'1996-03-31'","'1997-03-22'","'1995-11-21'","'1995-08-13'","'1994-04-13'","'1997-09-28'","'1994-01-03'","'1992-09-03'","'1998-06-11'","'1993-05-17'","'1998-01-31'","'1994-09-16'","'1998-03-03'","'1996-11-01'","'1997-10-23'","'1993-02-06'","'1996-07-24'","'1997-07-15'","'1996-03-15'","'1995-12-06'","'1994-08-06'","'1995-08-28'","'1994-04-28'","'1995-04-19'","'1993-12-18'","'1995-01-09'","'1993-09-09'","'1998-05-26'","'1998-06-26'","'1993-06-01'","'1992-01-31'","'1998-02-15'","'1997-11-07'","'1992-10-13'","'1996-07-08'","'1996-03-30'","'1994-11-29'","'1996-12-11'","'1995-08-12'","'1995-05-04'","'1994-01-02'","'1993-09-24'","'1992-05-25'","'1993-05-16'","'1998-06-10'","'1993-06-16'","'1992-02-15'","'1993-02-05'","'1998-03-02'","'1996-10-31'","'1997-11-22'","'1992-10-28'","'1996-07-23'","'1997-04-05'","'1992-03-11'","'1995-12-05'","'1995-08-27'","'1994-04-27'","'1995-04-18'","'1994-01-17'","'1995-01-08'","'1992-09-17'","'1993-09-08'","'1993-10-09'","'1992-06-09'","'1993-05-31'","'1998-06-25'","'1998-03-17'","'1997-11-06'","'1992-10-12'","'1994-02-11'","'1997-06-28'","'1997-07-29'","'1992-07-04'","'1997-03-20'","'1996-03-29'","'1995-12-20'","'1996-12-10'","'1994-08-20'","'1995-08-11'","'1995-09-11'","'1994-05-12'","'1995-05-03'","'1994-01-01'","'1994-02-01'","'1995-01-23'","'1993-09-23'","'1998-03-01'","'1993-02-04'","'1994-06-06'","'1997-11-21'","'1996-07-22'","'1997-07-13'","'1992-10-27'","'1996-04-13'","'1997-04-04'","'1995-12-04'","'1996-01-04'","'1996-12-25'","'1995-08-26'","'1995-05-18'","'1994-01-16'","'1994-09-29'","'1998-06-24'","'1993-05-30'","'1998-03-16'","'1996-11-14'","'1997-11-05'","'1993-02-19'","'1997-12-06'","'1992-11-11'","'1997-07-28'","'1996-03-28'","'1997-04-19'","'1995-12-19'","'1996-08-31'","'1995-05-02'","'1995-01-22'","'1993-09-22'","'1998-07-09'","'1993-06-14'","'1998-02-28'","'1993-02-03'","'1992-02-13'","'1998-03-31'","'1993-03-06'","'1997-11-20'","'1992-10-26'","'1997-08-12'","'1992-07-18'","'1996-04-12'","'1996-12-24'","'1995-08-25'","'1995-05-17'","'1994-01-15'","'1995-02-06'","'1993-10-07'","'1994-09-28'","'1993-05-29'","'1998-06-23'","'1993-06-29'","'1994-06-20'","'1992-02-28'","'1993-02-18'","'1998-03-15'","'1997-12-05'","'1992-11-10'","'1996-08-05'","'1992-07-02'","'1997-04-18'","'1992-03-24'","'1995-12-18'","'1995-09-09'","'1994-05-10'","'1995-05-01'","'1995-06-01'","'1994-01-30'","'1995-01-21'","'1993-10-22'","'1998-07-08'","'1993-06-13'","'1994-10-13'","'1997-11-19'","'1992-10-25'","'1994-02-24'","'1997-08-11'","'1996-04-11'","'1997-04-02'","'1992-07-17'","'1997-05-03'","'1996-01-02'","'1996-12-23'","'1992-04-08'","'1995-08-24'","'1995-09-24'","'1996-09-14'","'1994-05-25'","'1995-05-16'","'1994-02-14'","'1995-02-05'","'1993-10-06'","'1998-03-14'","'1993-02-17'","'1994-06-19'","'1997-12-04'","'1992-11-09'","'1996-08-04'","'1997-07-26'","'1997-08-26'","'1992-08-01'","'1997-04-17'","'1996-04-26'","'1996-01-17'","'1997-01-07'","'1995-09-08'","'1995-05-31'","'1994-01-29'","'1995-01-20'","'1998-07-07'","'1994-10-12'","'1993-06-12'","'1994-07-04'","'1993-03-04'","'1998-03-29'","'1997-11-18'","'1997-12-19'","'1992-11-24'","'1997-08-10'","'1997-05-02'","'1996-01-01'","'1996-09-13'","'1995-05-15'","'1995-02-04'","'1993-10-05'","'1994-10-27'","'1993-06-27'","'1998-07-22'","'1993-03-19'","'1997-12-03'","'1992-11-08'","'1997-08-25'","'1996-04-25'","'1992-07-31'"]},
    { "column": "LO_ORDERPRIOTITY",                 "values": ["'3-MEDIUM'","'5-LOW'","'1-URGENT'","'4-NOT SPEC'","'2-HIGH'"] },
    { "column": "LO_SHIPPRIOTITY",          "values": ["0"] },
    { "column": "LO_QUANTITY",                 "values": ["30","9","1","31","2","32","24","3","25","4","47","26","48","27","19","49","20","50","42","21","43","22","14","44","23","15","45","37","16","46","38","17","39","18","10","40","11","41","33","12","34","13","5","35","6","36","28","7","29","8"] },
    { "column": "LO_DISCOUNT",          "values": ["0","9","1","5","2","6","3","10","7","4","8"] },
    { "column": "LO_TAX",                 "values": ["0","9","1","5","2","6","3","10","7","4","8"] },
    { "column": "LO_COMMITDATE",          "values": ["'1997-01-06'","'1995-09-07'","'1996-09-28'","'1995-05-30'","'1995-01-19'","'1995-02-19'","'1993-10-20'","'1994-10-11'","'1993-07-12'","'1998-03-28'","'1993-03-03'","'1992-03-12'","'1994-07-03'","'1993-04-03'","'1997-12-18'","'1996-08-18'","'1993-11-14'","'1997-08-09'","'1992-07-15'","'1992-11-23'","'1997-05-01'","'1992-04-06'","'1995-12-31'","'1997-01-21'","'1995-09-22'","'1995-06-14'","'1996-06-04'","'1995-02-03'","'1994-02-12'","'1993-11-04'","'1998-07-21'","'1993-06-26'","'1994-10-26'","'1997-12-02'","'1994-03-09'","'1992-11-07'","'1997-08-24'","'1993-11-29'","'1992-07-30'","'1997-04-15'","'1997-05-16'","'1996-01-15'","'1997-01-05'","'1992-04-21'","'1995-10-07'","'1996-09-27'","'1995-05-29'","'1994-06-07'","'1995-06-29'","'1995-02-18'","'1993-10-19'","'1994-07-02'","'1993-03-02'","'1998-03-27'","'1997-12-17'","'1992-11-22'","'1994-03-24'","'1997-09-08'","'1996-05-09'","'1992-08-14'","'1997-04-30'","'1996-01-30'","'1997-01-20'","'1995-09-21'","'1995-10-22'","'1996-10-12'","'1996-06-03'","'1995-02-02'","'1996-02-24'","'1994-10-25'","'1998-04-11'","'1993-03-17'","'1994-07-17'","'1998-01-01'","'1992-12-07'","'1997-08-23'","'1997-09-23'","'1992-08-29'","'1997-05-15'","'1992-04-20'","'1996-01-14'","'1996-09-26'","'1996-06-18'","'1995-02-17'","'1994-11-09'","'1993-07-10'","'1993-04-01'","'1997-12-16'","'1992-11-21'","'1992-12-22'","'1997-09-07'","'1992-08-13'","'1998-05-21'","'1993-04-26'","'1997-01-19'","'1996-10-11'","'1995-06-12'","'1995-03-04'","'1993-11-02'","'1994-10-24'","'1994-11-24'","'1993-07-25'","'1994-07-16'","'1998-04-10'","'1993-03-16'","'1993-04-16'","'1995-03-29'","'1993-11-27'","'1997-05-14'","'1992-04-19'","'1993-08-19'","'1997-02-03'","'1995-10-05'","'1992-01-10'","'1996-09-25'","'1995-06-27'","'1996-06-17'","'1995-02-16'","'1995-03-19'","'1996-03-09'","'1993-11-17'","'1994-11-08'","'1995-07-22'","'1994-03-22'","'1997-09-06'","'1993-12-12'","'1992-08-12'","'1997-05-29'","'1992-05-04'","'1997-01-18'","'1996-01-28'","'1997-02-18'","'1995-10-20'","'1996-10-10'","'1995-06-11'","'1992-01-25'","'1995-07-12'","'1996-07-02'","'1995-03-03'","'1995-11-14'","'1994-07-15'","'1997-12-30'","'1992-12-05'","'1994-04-06'","'1993-12-27'","'1992-08-27'","'1997-05-13'","'1997-09-21'","'1997-06-13'","'1992-05-19'","'1998-06-04'","'1997-02-02'","'1997-10-16'","'1992-09-21'","'1996-06-16'","'1996-03-08'","'1994-11-07'","'1994-07-30'","'1998-04-24'","'1993-03-30'","'1998-01-14'","'1994-04-21'","'1997-09-05'","'1992-08-11'","'1992-12-20'","'1997-10-06'","'1992-09-11'","'1997-05-28'","'1992-05-03'","'1998-02-08'","'1996-10-09'","'1993-01-14'","'1996-07-01'","'1995-03-02'","'1996-03-23'","'1994-11-22'","'1994-08-14'","'1993-04-14'","'1993-01-04'","'1993-12-26'","'1992-08-26'","'1993-08-17'","'1997-09-20'","'1998-06-03'","'1997-02-01'","'1993-05-09'","'1992-01-08'","'1996-10-24'","'1995-06-25'","'1996-07-16'","'1995-03-17'","'1994-11-06'","'1994-12-07'","'1993-08-07'","'1994-07-29'","'1995-04-11'","'1993-12-10'","'1997-05-27'","'1992-05-02'","'1993-09-01'","'1998-06-18'","'1997-02-16'","'1993-05-24'","'1992-01-23'","'1996-10-08'","'1996-11-08'","'1995-07-10'","'1996-06-30'","'1995-04-01'","'1996-03-22'","'1993-11-30'","'1994-11-21'","'1995-08-04'","'1994-04-04'","'1993-12-25'","'1997-09-19'","'1992-08-25'","'1993-09-16'","'1998-06-02'","'1992-05-17'","'1997-01-31'","'1997-06-11'","'1997-03-03'","'1992-02-07'","'1996-10-23'","'1995-11-02'","'1998-02-22'","'1995-07-25'","'1996-07-15'","'1997-07-06'","'1996-03-06'","'1992-06-11'","'1995-11-27'","'1994-07-28'","'1995-08-19'","'1994-04-19'","'1994-01-09'","'1997-10-04'","'1992-09-09'","'1997-06-26'","'1992-06-01'","'1998-06-17'","'1997-02-15'","'1997-10-29'","'1996-06-29'","'1992-10-04'","'1996-03-21'","'1994-11-20'","'1995-12-12'","'1994-08-12'","'1994-05-04'","'1993-01-02'","'1998-01-27'","'1992-09-24'","'1997-06-10'","'1992-05-16'","'1998-02-21'","'1993-01-27'","'1996-10-22'","'1997-11-13'","'1992-10-19'","'1996-07-14'","'1996-04-05'","'1994-12-05'","'1994-08-27'","'1993-04-27'","'1994-04-18'","'1994-05-19'","'1993-01-17'","'1994-12-30'","'1993-08-30'","'1998-06-16'","'1997-02-14'","'1992-01-21'","'1993-05-22'","'1998-03-08'","'1996-11-06'","'1993-02-11'","'1996-07-29'","'1995-03-30'","'1994-12-20'","'1993-08-20'","'1994-08-11'","'1995-04-24'","'1993-12-23'","'1995-01-14'","'1993-09-14'","'1998-07-01'","'1993-06-06'","'1992-02-05'","'1997-03-01'","'1996-11-21'","'1995-07-23'","'1996-07-13'","'1996-08-13'","'1995-04-14'","'1996-04-04'","'1994-12-04'","'1995-08-17'","'1994-04-17'","'1995-05-09'","'1994-01-07'","'1993-09-29'","'1998-06-15'","'1997-06-24'","'1992-05-30'","'1997-03-16'","'1995-11-15'","'1992-02-20'","'1996-11-05'","'1998-03-07'","'1996-12-06'","'1995-08-07'","'1997-07-19'","'1996-03-19'","'1992-06-24'","'1997-04-10'","'1995-12-10'","'1992-03-16'","'1995-09-01'","'1994-05-02'","'1997-10-17'","'1992-09-22'","'1994-01-22'","'1993-10-14'","'1997-07-09'","'1997-02-28'","'1992-06-14'","'1998-06-30'","'1993-02-25'","'1997-11-11'","'1996-07-12'","'1992-10-17'","'1997-08-03'","'1996-04-03'","'1992-07-09'","'1995-12-25'","'1994-08-25'","'1994-05-17'","'1993-01-15'","'1994-02-06'","'1992-10-07'","'1993-05-20'","'1993-06-20'","'1994-06-11'","'1993-02-09'","'1998-03-06'","'1997-11-26'","'1996-07-27'","'1992-11-01'","'1996-04-18'","'1994-12-18'","'1996-01-09'","'1994-09-09'","'1994-05-01'","'1995-05-23'","'1995-01-12'","'1993-09-12'","'1998-06-29'","'1993-06-04'","'1994-10-04'","'1998-03-21'","'1996-11-19'","'1993-02-24'","'1996-08-11'","'1995-04-12'","'1996-05-03'","'1995-01-02'","'1995-12-24'","'1996-09-05'","'1995-05-07'","'1995-01-27'","'1993-09-27'","'1998-07-14'","'1993-06-19'","'1992-02-18'","'1997-03-14'","'1998-04-05'","'1996-12-04'","'1993-03-11'","'1996-07-26'","'1996-08-26'","'1995-04-27'","'1996-04-17'","'1995-12-08'","'1992-03-14'","'1996-12-29'","'1995-08-30'","'1995-05-22'","'1994-01-20'","'1997-07-07'","'1998-06-28'","'1993-10-12'","'1992-06-12'","'1998-07-29'","'1997-03-29'","'1992-03-04'","'1998-03-20'","'1993-07-04'","'1992-11-15'","'1997-08-01'","'1992-07-07'","'1993-11-06'","'1997-04-23'","'1995-12-23'","'1992-03-29'","'1995-09-14'","'1994-05-15'","'1995-06-06'","'1994-02-04'","'1993-10-27'","'1992-06-27'","'1997-07-22'","'1998-07-13'","'1993-03-10'","'1994-03-01'","'1992-10-30'","'1997-11-24'","'1997-08-16'","'1992-07-22'","'1996-04-16'","'1996-01-07'","'1994-09-07'","'1995-09-29'","'1994-05-30'","'1994-02-19'","'1992-10-20'","'1993-10-11'","'1996-02-01'","'1994-10-02'","'1993-07-03'","'1994-06-24'","'1998-03-19'","'1993-02-22'","'1997-12-09'","'1996-08-09'","'1992-11-14'","'1997-08-31'","'1996-05-01'","'1992-08-06'","'1996-01-22'","'1994-09-22'","'1995-06-05'","'1996-05-26'","'1995-01-25'","'1998-07-12'","'1993-06-17'","'1994-10-17'","'1998-04-03'","'1993-03-09'","'1996-12-02'","'1997-12-24'","'1996-08-24'","'1992-11-29'","'1996-05-16'","'1995-01-15'","'1996-01-06'","'1996-09-18'","'1995-05-20'","'1995-02-09'","'1993-10-10'","'1998-07-27'","'1993-07-02'","'1994-11-01'","'1998-04-18'","'1993-03-24'","'1996-12-17'","'1996-09-08'","'1997-08-30'","'1992-08-05'","'1995-05-10'","'1992-03-27'","'1997-04-21'","'1997-01-11'","'1995-09-12'","'1995-06-04'","'1994-02-02'","'1995-02-24'","'1993-10-25'","'1993-07-17'","'1998-04-02'","'1997-04-11'","'1992-03-17'","'1992-11-28'","'1993-11-19'","'1997-08-14'","'1992-07-20'","'1992-08-20'","'1997-05-06'","'1992-04-11'","'1996-01-05'","'1997-01-26'","'1992-01-02'","'1995-09-27'","'1995-06-19'","'1994-02-17'","'1997-08-04'","'1993-11-09'","'1992-07-10'","'1998-07-26'","'1993-03-23'","'1997-12-07'","'1992-11-12'","'1994-03-14'","'1992-12-13'","'1997-08-29'","'1996-04-29'","'1992-08-04'","'1997-05-21'","'1992-04-26'","'1996-01-20'","'1995-10-12'","'1994-06-12'","'1995-02-23'","'1996-02-14'","'1993-10-24'","'1994-10-15'","'1994-11-15'","'1998-04-01'","'1994-07-07'","'1993-03-07'","'1994-03-29'","'1992-11-27'","'1997-12-22'","'1997-09-13'","'1992-08-19'","'1996-05-14'","'1996-02-04'","'1994-10-05'","'1995-06-18'","'1996-06-08'","'1995-02-07'","'1995-03-10'","'1998-07-25'","'1994-10-30'","'1998-04-16'","'1994-07-22'","'1993-03-22'","'1998-01-06'","'1996-09-06'","'1992-12-12'","'1996-05-29'","'1995-01-28'","'1996-01-19'","'1997-02-09'","'1992-01-16'","'1996-10-01'","'1995-06-02'","'1996-06-23'","'1995-02-22'","'1994-11-14'","'1993-07-15'","'1998-05-01'","'1993-04-06'","'1997-12-21'","'1996-12-30'","'1998-01-21'","'1992-08-18'","'1997-05-04'","'1992-04-09'","'1992-05-10'","'1997-01-24'","'1996-10-16'","'1995-06-17'","'1995-03-09'","'1993-11-07'","'1993-07-30'","'1998-04-15'","'1994-04-12'","'1992-12-11'","'1993-12-02'","'1992-08-02'","'1997-08-27'","'1992-09-02'","'1997-05-19'","'1993-08-24'","'1992-04-24'","'1997-02-08'","'1995-10-10'","'1992-01-15'","'1995-07-02'","'1994-03-02'","'1995-03-24'","'1993-11-22'","'1993-07-14'","'1994-07-05'","'1995-11-04'","'1994-08-05'","'1993-04-05'","'1994-03-27'","'1995-07-27'","'1992-12-26'","'1997-09-11'","'1992-08-17'","'1993-12-17'","'1997-06-03'","'1992-05-09'","'1996-02-02'","'1997-02-23'","'1992-01-30'","'1995-10-25'","'1996-07-07'","'1995-03-08'","'1996-02-27'","'1994-10-28'","'1994-11-28'","'1995-11-19'","'1994-04-11'","'1992-12-10'","'1998-01-04'","'1997-09-26'","'1996-05-27'","'1992-09-01'","'1997-06-18'","'1996-02-17'","'1992-05-24'","'1996-10-30'","'1997-10-21'","'1996-06-21'","'1995-07-01'","'1996-03-13'","'1994-11-12'","'1994-08-04'","'1993-04-04'","'1998-04-29'","'1994-04-26'","'1992-12-25'","'1998-01-19'","'1997-10-11'","'1992-09-16'","'1992-05-08'","'1997-01-22'","'1998-05-24'","'1997-02-22'","'1998-02-13'","'1996-10-14'","'1992-01-29'","'1996-07-06'","'1995-03-07'","'1994-11-27'","'1993-07-28'","'1994-08-19'","'1998-05-14'","'1998-01-03'","'1993-04-19'","'1993-12-31'","'1992-08-31'","'1992-05-23'","'1993-05-14'","'1992-01-13'","'1997-02-06'","'1998-06-08'","'1996-10-29'","'1995-06-30'","'1996-07-21'","'1995-03-22'","'1994-12-12'","'1993-08-12'","'1994-04-25'","'1992-12-24'","'1993-12-15'","'1992-09-15'","'1993-09-06'","'1992-05-07'","'1997-06-01'","'1992-06-07'","'1997-02-21'","'1995-10-23'","'1992-01-28'","'1996-11-13'","'1995-07-15'","'1995-04-06'","'1993-12-05'","'1994-11-26'","'1995-11-17'","'1994-08-18'","'1995-08-09'","'1994-04-09'","'1993-04-18'","'1993-01-08'","'1997-09-24'","'1993-12-30'","'1992-08-30'","'1992-09-30'","'1997-06-16'","'1993-09-21'","'1992-05-22'","'1997-03-08'","'1995-11-07'","'1992-02-12'","'1996-07-20'","'1997-07-11'","'1996-03-11'","'1995-03-21'","'1994-12-11'","'1995-12-02'","'1994-08-02'","'1994-09-02'","'1994-04-24'","'1998-01-17'","'1992-12-23'","'1997-10-09'","'1992-09-14'","'1994-01-14'","'1997-07-01'","'1996-03-01'","'1992-06-06'","'1996-11-12'","'1997-11-03'","'1996-07-04'","'1996-03-26'","'1994-11-25'","'1995-12-17'","'1994-08-17'","'1994-05-09'","'1993-01-07'","'1998-02-01'","'1997-10-24'","'1993-09-20'","'1992-05-21'","'1997-06-15'","'1998-06-06'","'1997-03-07'","'1998-02-26'","'1996-10-27'","'1992-02-11'","'1996-07-19'","'1995-03-20'","'1996-04-10'","'1994-12-10'","'1994-09-01'","'1998-05-27'","'1993-05-02'","'1994-01-13'","'1992-09-13'","'1993-09-04'","'1998-06-21'","'1993-05-27'","'1997-02-19'","'1992-01-26'","'1992-06-05'","'1998-03-13'","'1996-11-11'","'1992-02-26'","'1993-02-16'","'1996-08-03'","'1995-04-04'","'1994-12-25'","'1993-08-25'","'1994-05-08'","'1993-01-06'","'1993-12-28'","'1994-01-28'","'1992-09-28'","'1997-06-14'","'1992-05-20'","'1993-09-19'","'1992-06-20'","'1993-06-11'","'1997-03-06'","'1992-02-10'","'1998-07-06'","'1996-11-26'","'1995-07-28'","'1996-04-09'","'1994-12-09'","'1995-11-30'","'1994-08-31'","'1995-08-22'","'1993-05-01'","'1994-04-22'","'1994-05-23'","'1993-01-21'","'1994-01-12'","'1995-05-14'","'1993-10-04'","'1992-06-04'","'1997-06-29'","'1997-03-21'","'1995-11-20'","'1992-02-25'","'1996-08-02'","'1997-07-24'","'1996-03-24'","'1995-04-03'","'1996-04-24'","'1994-12-24'","'1995-12-15'","'1994-08-15'","'1994-09-15'","'1995-09-06'","'1994-05-07'","'1997-10-22'","'1992-09-27'","'1994-01-27'","'1997-07-14'","'1996-03-14'","'1992-06-19'","'1998-02-24'","'1992-02-09'","'1996-11-25'","'1997-11-16'","'1996-07-17'","'1996-08-17'","'1997-08-08'","'1996-04-08'","'1995-12-30'","'1994-08-30'","'1994-05-22'","'1993-01-20'","'1998-02-14'","'1993-10-03'","'1992-06-03'","'1998-06-19'","'1998-07-20'","'1993-06-25'","'1998-03-11'","'1992-02-24'","'1996-11-09'","'1997-12-01'","'1996-08-01'","'1996-04-23'","'1994-12-23'","'1994-09-14'","'1993-05-15'","'1998-06-09'","'1995-05-28'","'1994-01-26'","'1993-09-17'","'1993-10-18'","'1992-06-18'","'1993-06-09'","'1998-07-04'","'1992-03-10'","'1996-11-24'","'1993-03-01'","'1998-03-26'","'1996-08-16'","'1995-04-17'","'1996-05-08'","'1995-01-07'","'1994-08-29'","'1995-09-20'","'1994-05-21'","'1995-05-12'","'1994-01-10'","'1994-02-10'","'1995-02-01'","'1993-10-02'","'1992-10-11'","'1992-07-03'","'1997-03-19'","'1993-06-24'","'1998-07-19'","'1992-02-23'","'1992-03-25'","'1996-12-09'","'1995-08-10'","'1997-08-22'","'1996-04-22'","'1992-07-28'","'1995-12-13'","'1996-01-13'","'1994-09-13'","'1995-09-04'","'1994-06-05'","'1995-05-27'","'1994-01-25'","'1994-02-25'","'1993-10-17'","'1997-07-12'","'1992-06-17'","'1997-04-03'","'1993-07-09'","'1992-03-09'","'1997-12-15'","'1996-08-15'","'1992-11-20'","'1997-08-06'","'1996-04-06'","'1996-05-07'","'1995-01-06'","'1995-12-28'","'1997-04-28'","'1995-09-19'","'1994-05-20'","'1994-02-09'","'1992-10-10'","'1997-11-04'","'1993-11-01'","'1997-07-27'","'1993-06-23'","'1998-07-18'","'1998-03-09'","'1994-10-23'","'1998-04-09'","'1996-12-08'","'1997-11-29'","'1993-03-15'","'1996-08-30'","'1997-08-21'","'1996-04-21'","'1996-05-22'","'1996-01-12'","'1994-09-12'","'1995-10-04'","'1994-06-04'","'1995-02-15'","'1993-10-16'","'1998-07-02'","'1998-08-02'","'1993-07-08'","'1992-03-08'","'1998-03-24'","'1997-12-14'","'1996-08-14'","'1996-05-06'","'1995-01-05'","'1996-01-27'","'1994-09-27'","'1995-06-10'","'1994-02-08'","'1993-10-31'","'1998-07-17'","'1993-06-22'","'1992-07-01'","'1993-07-23'","'1998-04-08'","'1996-12-07'","'1993-03-14'","'1992-03-23'","'1997-12-29'","'1996-08-29'","'1992-12-04'","'1996-05-21'","'1997-05-12'","'1996-01-11'","'1992-04-17'","'1995-09-02'","'1995-10-03'","'1994-06-03'","'1995-05-25'","'1994-02-23'","'1992-10-24'","'1995-02-14'","'1993-10-15'","'1993-11-15'","'1992-07-16'","'1997-04-01'","'1992-03-07'","'1998-08-01'","'1993-07-07'","'1998-04-23'","'1996-12-22'","'1993-03-29'","'1992-04-07'","'1997-09-04'","'1996-05-05'","'1992-08-10'","'1996-01-26'","'1994-09-26'","'1997-01-16'","'1995-09-17'","'1995-10-18'","'1994-06-18'","'1995-06-09'","'1994-02-07'","'1994-03-10'","'1995-03-01'","'1993-10-30'","'1993-07-22'","'1992-03-22'","'1997-04-16'","'1997-11-27'","'1997-12-28'","'1992-12-03'","'1997-08-19'","'1996-08-28'","'1996-05-20'","'1997-05-11'","'1996-01-10'","'1996-02-10'","'1995-10-02'","'1994-06-02'","'1995-06-24'","'1994-02-22'","'1994-11-05'","'1993-07-06'","'1998-07-31'","'1998-04-22'","'1993-03-28'","'1997-12-12'","'1996-12-21'","'1998-01-12'","'1996-09-12'","'1997-09-03'","'1996-05-04'","'1992-12-18'","'1997-05-26'","'1996-01-25'","'1995-10-17'","'1994-06-17'","'1995-02-28'","'1993-10-29'","'1993-07-21'","'1998-04-06'","'1992-03-21'","'1998-05-07'","'1993-04-12'","'1997-12-27'","'1996-08-27'","'1992-12-02'","'1997-09-18'","'1992-08-24'","'1996-05-19'","'1996-02-09'","'1994-10-10'","'1995-06-23'","'1994-02-21'","'1995-03-15'","'1993-11-13'","'1998-07-30'","'1993-07-05'","'1993-08-05'","'1992-04-05'","'1998-04-21'","'1993-03-27'","'1998-01-11'","'1992-12-17'","'1996-09-11'","'1997-05-25'","'1992-04-30'","'1996-01-24'","'1995-10-16'","'1994-06-16'","'1995-06-07'","'1995-07-08'","'1994-03-08'","'1995-02-27'","'1993-11-28'","'1992-07-29'","'1993-07-20'","'1994-11-19'","'1998-05-06'","'1997-01-04'","'1993-04-11'","'1997-09-17'","'1992-08-23'","'1997-05-09'","'1996-05-18'","'1997-06-09'","'1996-02-08'","'1992-05-15'","'1995-09-30'","'1997-01-29'","'1995-10-31'","'1996-10-21'","'1994-07-01'","'1995-06-22'","'1994-03-23'","'1995-03-14'","'1993-11-12'","'1993-12-13'","'1997-04-29'","'1992-04-04'","'1993-03-26'","'1993-08-04'","'1998-01-10'","'1992-12-16'","'1996-09-10'","'1997-09-01'","'1997-10-02'","'1992-09-07'","'1997-05-24'","'1996-06-02'","'1996-02-23'","'1997-02-13'","'1995-10-15'","'1995-07-07'","'1994-03-07'","'1994-11-18'","'1993-07-19'","'1998-05-05'","'1994-08-10'","'1997-12-25'","'1993-04-10'","'1998-01-25'","'1992-12-31'","'1997-09-16'","'1997-06-08'","'1996-02-07'","'1995-10-30'","'1994-06-30'","'1995-03-13'","'1993-11-11'","'1994-12-03'","'1993-08-03'","'1998-05-20'","'1993-04-25'","'1998-01-09'","'1992-12-15'","'1997-10-01'","'1996-06-01'","'1992-09-06'","'1997-06-23'","'1992-05-29'","'1997-02-12'","'1995-10-14'","'1992-01-19'","'1996-02-22'","'1996-11-04'","'1995-07-06'","'1995-03-28'","'1993-11-26'","'1993-08-18'","'1998-05-04'","'1994-08-09'","'1992-04-18'","'1993-04-09'","'1993-05-10'","'1998-01-24'","'1992-01-09'","'1992-12-30'","'1996-09-24'","'1997-06-07'","'1996-02-06'","'1992-05-13'","'1997-02-27'","'1992-02-03'","'1995-10-29'","'1995-07-21'","'1994-03-21'","'1995-03-12'","'1993-12-11'","'1994-12-02'","'1993-08-02'","'1993-09-02'","'1994-08-24'","'1998-05-19'","'1993-04-24'","'1994-01-05'","'1992-09-05'","'1997-09-30'","'1997-05-22'","'1997-06-22'","'1992-05-28'","'1996-02-21'","'1997-02-11'","'1995-11-13'","'1996-11-03'","'1995-07-05'","'1994-07-14'","'1995-08-05'","'1994-04-05'","'1995-03-27'","'1993-11-25'","'1994-12-17'","'1994-08-08'","'1993-04-08'","'1998-05-03'","'1994-04-30'","'1998-01-23'","'1992-12-29'","'1997-10-15'","'1996-06-15'","'1992-09-20'","'1997-06-06'","'1996-03-07'","'1997-02-26'","'1995-10-28'","'1995-11-28'","'1996-11-18'","'1995-07-20'","'1996-04-01'","'1994-12-01'","'1994-08-23'","'1998-05-18'","'1993-04-23'","'1998-02-07'","'1993-01-13'","'1997-09-29'","'1997-10-30'","'1992-10-05'","'1997-06-21'","'1996-02-20'","'1997-03-13'","'1995-11-12'","'1996-07-25'","'1995-03-26'","'1994-12-16'","'1993-08-16'","'1993-05-08'","'1992-01-07'","'1992-12-28'","'1993-01-28'","'1997-10-14'","'1992-09-19'","'1998-06-27'","'1993-06-02'","'1997-02-25'","'1992-02-01'","'1996-11-17'","'1995-07-19'","'1995-04-10'","'1993-12-09'","'1994-11-30'","'1994-12-31'","'1993-08-31'","'1994-08-22'","'1998-05-17'","'1993-04-22'","'1993-05-23'","'1998-02-06'","'1994-05-14'","'1992-01-22'","'1993-01-12'","'1997-06-20'","'1993-09-25'","'1992-05-26'","'1997-03-12'","'1995-11-11'","'1992-02-16'","'1995-08-03'","'1994-04-03'","'1995-03-25'","'1995-04-25'","'1993-12-24'","'1994-12-15'","'1996-04-15'","'1993-09-15'","'1994-09-06'","'1993-05-07'","'1998-06-01'","'1994-01-18'","'1992-09-18'","'1997-10-13'","'1997-07-05'","'1996-03-05'","'1997-02-24'","'1992-06-10'","'1997-03-27'","'1992-03-02'","'1996-11-16'","'1995-11-26'","'1995-07-18'","'1995-08-18'","'1996-08-08'","'1995-04-09'","'1995-12-21'","'1994-08-21'","'1994-05-13'","'1993-01-11'","'1998-02-05'","'1997-10-28'","'1992-10-03'","'1996-06-28'","'1997-06-19'","'1997-07-20'","'1996-03-20'","'1992-06-25'","'1997-03-11'","'1998-07-11'","'1995-12-11'","'1996-12-01'","'1995-08-02'","'1996-04-14'","'1994-12-14'","'1998-05-31'","'1993-05-06'","'1994-09-05'","'1994-05-28'","'1993-01-26'","'1997-10-12'","'1998-02-20'","'1997-11-12'","'1992-10-18'","'1997-07-04'","'1997-03-26'","'1995-11-25'","'1993-02-20'","'1996-11-15'","'1992-03-01'","'1996-08-07'","'1995-04-08'","'1994-12-29'","'1994-09-20'","'1993-05-21'","'1993-02-10'","'1997-10-27'","'1992-10-02'","'1998-07-10'","'1997-03-10'","'1992-02-14'","'1993-06-15'","'1996-11-30'","'1995-08-01'","'1996-08-22'","'1995-04-23'","'1994-12-13'","'1995-01-13'","'1993-09-13'","'1994-09-04'","'1993-06-05'","'1994-05-27'","'1998-02-19'","'1992-02-04'","'1993-01-25'","'1997-07-03'","'1992-06-08'","'1993-10-08'","'1993-06-30'","'1992-02-29'","'1997-03-25'","'1996-12-15'","'1995-08-16'","'1996-08-06'","'1995-05-08'","'1994-01-06'","'1994-12-28'","'1996-04-28'","'1993-09-28'","'1998-06-14'","'1995-09-10'","'1994-09-19'","'1994-05-11'","'1997-10-26'","'1994-01-31'","'1992-10-01'","'1997-07-18'","'1993-10-23'","'1997-03-09'","'1992-06-23'","'1997-04-09'","'1992-03-15'","'1996-11-29'","'1995-12-09'","'1995-08-31'","'1996-08-21'","'1995-04-22'","'1996-01-03'","'1994-09-03'","'1995-09-25'","'1994-05-26'","'1997-11-10'","'1994-02-15'","'1992-10-16'","'1997-08-02'","'1998-07-24'","'1997-03-24'","'1992-07-08'","'1996-04-02'","'1997-04-24'","'1992-03-30'","'1996-12-14'","'1995-08-15'","'1996-04-27'","'1994-12-27'","'1996-01-18'","'1994-09-18'","'1998-03-05'","'1994-06-10'","'1993-02-08'","'1997-11-25'","'1992-10-31'","'1997-07-17'","'1992-06-22'","'1997-08-17'","'1992-07-23'","'1997-04-08'","'1998-03-30'","'1993-03-05'","'1996-11-28'","'1997-12-20'","'1996-08-20'","'1992-11-25'","'1996-05-12'","'1995-01-11'","'1994-10-03'","'1993-06-03'","'1994-06-25'","'1993-02-23'","'1997-11-09'","'1992-10-15'","'1998-07-23'","'1997-03-23'","'1993-06-28'","'1992-02-27'","'1998-04-14'","'1996-12-13'","'1993-03-20'","'1996-09-04'","'1995-05-06'","'1995-01-26'","'1993-09-26'","'1994-09-17'","'1994-10-18'","'1993-06-18'","'1994-06-09'","'1998-03-04'","'1993-02-07'","'1995-02-20'","'1993-10-21'","'1997-04-07'","'1992-03-13'","'1993-07-13'","'1996-12-28'","'1995-08-29'","'1996-09-19'","'1995-05-21'","'1996-05-11'","'1995-01-10'","'1995-02-10'","'1995-09-23'","'1994-05-24'","'1995-06-15'","'1994-02-13'","'1997-07-31'","'1993-11-05'","'1992-07-06'","'1997-04-22'","'1995-12-22'","'1996-12-12'","'1992-03-28'","'1998-04-13'","'1997-01-12'","'1995-09-13'","'1996-09-03'","'1995-05-05'","'1997-05-17'","'1992-04-22'","'1996-01-16'","'1995-10-08'","'1994-06-08'","'1997-11-23'","'1992-10-29'","'1994-02-28'","'1993-11-20'","'1992-07-21'","'1997-04-06'","'1997-08-15'","'1997-05-07'","'1992-04-12'","'1996-12-27'","'1998-04-28'","'1997-09-09'","'1992-08-15'","'1996-05-10'","'1996-01-31'","'1994-10-01'","'1994-06-23'","'1993-02-21'","'1998-03-18'","'1994-03-15'","'1997-12-08'","'1997-07-30'","'1992-07-05'","'1992-11-13'","'1993-07-27'","'1994-07-18'","'1998-04-12'","'1993-03-18'","'1998-01-02'","'1996-09-02'","'1992-12-08'","'1996-05-25'","'1995-01-24'","'1996-02-15'","'1994-10-16'","'1994-07-08'","'1993-03-08'","'1994-02-27'","'1994-11-10'","'1993-07-11'","'1998-04-27'","'1996-12-26'","'1993-04-02'","'1996-09-17'","'1995-05-19'","'1996-06-09'","'1995-02-08'","'1994-09-30'","'1994-10-31'","'1993-07-01'","'1994-06-22'","'1995-06-13'","'1995-03-05'","'1993-11-03'","'1993-07-26'","'1997-04-20'","'1992-03-26'","'1998-05-12'","'1997-01-10'","'1993-04-17'","'1996-09-01'","'1996-10-02'","'1995-06-03'","'1996-05-24'","'1997-02-04'","'1995-10-06'","'1992-01-11'","'1995-06-28'","'1994-02-26'","'1997-08-13'","'1992-07-19'","'1993-11-18'","'1993-08-10'","'1997-05-05'","'1992-04-10'","'1998-04-26'","'1997-01-25'","'1992-01-01'","'1998-01-16'","'1995-09-26'","'1996-09-16'","'1997-05-30'","'1992-05-05'","'1996-01-29'","'1995-10-21'","'1994-06-21'","'1995-07-13'","'1994-03-13'","'1993-12-03'","'1997-08-28'","'1992-08-03'","'1997-05-20'","'1992-04-25'","'1997-01-09'","'1997-12-31'","'1998-05-11'","'1994-04-07'","'1992-12-06'","'1997-09-22'","'1992-08-28'","'1996-05-23'","'1996-02-13'","'1994-10-14'","'1995-11-05'","'1994-07-06'","'1994-03-28'","'1992-11-26'","'1993-08-09'","'1998-04-25'","'1993-03-31'","'1994-07-31'","'1998-01-15'","'1996-09-15'","'1992-12-21'","'1997-10-07'","'1996-06-07'","'1992-09-12'","'1996-02-28'","'1994-10-29'","'1994-07-21'","'1993-03-21'","'1994-03-12'","'1994-11-23'","'1993-07-24'","'1997-01-08'","'1993-04-15'","'1998-01-30'","'1993-01-05'","'1996-09-30'","'1996-06-22'","'1995-02-21'","'1996-02-12'","'1994-11-13'","'1996-10-25'","'1995-06-26'","'1995-03-18'","'1993-11-16'","'1994-12-08'","'1993-08-08'","'1998-05-25'","'1997-01-23'","'1993-04-30'","'1996-10-15'","'1995-06-16'","'1996-06-06'","'1997-02-17'","'1992-01-24'","'1995-10-19'","'1995-07-11'","'1994-03-11'","'1995-04-02'","'1993-12-01'","'1997-05-18'","'1993-08-23'","'1998-05-09'","'1992-04-23'","'1997-02-07'","'1998-01-29'","'1992-01-14'","'1996-09-29'","'1995-10-09'","'1992-09-26'","'1997-06-12'","'1992-05-18'","'1996-02-11'","'1997-03-04'","'1995-11-03'","'1992-02-08'","'1995-07-26'","'1994-03-26'","'1993-12-16'","'1997-09-10'","'1992-08-16'","'1993-09-07'","'1997-06-02'","'1993-04-29'","'1994-04-20'","'1998-01-13'","'1992-12-19'","'1993-01-19'","'1997-10-05'","'1996-06-05'","'1992-09-10'","'1997-06-27'","'1996-02-26'","'1992-06-02'","'1995-11-18'","'1994-07-19'","'1994-04-10'","'1992-12-09'","'1994-12-22'","'1993-08-22'","'1994-08-13'","'1993-04-13'","'1998-05-08'","'1998-01-28'","'1994-05-05'","'1993-01-03'","'1997-10-20'","'1996-06-20'","'1992-09-25'","'1996-03-12'","'1994-11-11'","'1995-12-03'","'1994-08-03'","'1994-03-25'","'1995-03-16'","'1995-04-16'","'1994-12-06'","'1993-08-06'","'1998-05-23'","'1993-04-28'","'1994-08-28'","'1998-02-12'","'1993-01-18'","'1996-10-13'","'1996-07-05'","'1995-03-06'","'1996-02-25'","'1996-03-27'","'1997-03-18'","'1992-02-22'","'1996-11-07'","'1995-07-09'","'1996-07-30'","'1995-03-31'","'1994-12-21'","'1993-08-21'","'1998-06-07'","'1997-02-05'","'1993-05-13'","'1992-01-12'","'1998-02-27'","'1996-10-28'","'1993-02-02'","'1996-06-19'","'1997-10-19'","'1992-06-16'","'1997-03-02'","'1992-02-06'","'1995-11-01'","'1996-11-22'","'1995-07-24'","'1995-04-15'","'1993-12-14'","'1997-05-31'","'1993-09-05'","'1992-05-06'","'1998-05-22'","'1998-06-22'","'1997-02-20'","'1993-05-28'","'1998-02-11'","'1994-01-08'","'1997-10-03'","'1992-01-27'","'1992-09-08'","'1992-10-09'","'1993-09-30'","'1992-05-31'","'1997-06-25'","'1997-03-17'","'1992-02-21'","'1995-11-16'","'1995-08-08'","'1994-04-08'","'1995-04-30'","'1993-12-29'","'1994-09-11'","'1993-05-12'","'1998-01-26'","'1993-01-01'","'1994-05-03'","'1993-02-01'","'1994-01-23'","'1992-09-23'","'1997-10-18'","'1997-07-10'","'1992-06-15'","'1996-03-10'","'1995-12-01'","'1994-08-01'","'1995-08-23'","'1994-04-23'","'1995-01-04'","'1995-12-26'","'1994-08-26'","'1994-05-18'","'1993-01-16'","'1998-02-10'","'1997-11-02'","'1992-10-08'","'1996-07-03'","'1997-07-25'","'1992-06-30'","'1996-03-25'","'1995-12-16'","'1994-08-16'","'1996-07-28'","'1995-04-29'","'1996-04-19'","'1994-12-19'","'1994-09-10'","'1993-05-11'","'1998-06-05'","'1998-02-25'","'1993-01-31'","'1996-10-26'","'1997-11-17'","'1992-10-23'","'1996-07-18'","'1997-03-31'","'1998-03-22'","'1992-03-06'","'1996-11-20'","'1996-08-12'","'1995-04-13'","'1995-01-03'","'1993-09-03'","'1994-09-25'","'1993-05-26'","'1998-02-09'","'1998-06-20'","'1998-03-12'","'1996-11-10'","'1997-11-01'","'1993-02-15'","'1992-06-29'","'1997-03-15'","'1992-02-19'","'1998-07-15'","'1996-12-05'","'1995-08-06'","'1995-04-28'","'1995-01-18'","'1993-09-18'","'1998-07-05'","'1993-06-10'","'1994-06-01'","'1993-01-30'","'1997-03-05'","'1994-01-21'","'1992-10-22'","'1993-10-13'","'1992-06-13'","'1997-07-08'","'1992-07-14'","'1997-03-30'","'1992-03-05'","'1995-11-29'","'1996-12-20'","'1995-08-21'","'1995-05-13'","'1994-01-11'","'1994-09-24'","'1993-05-25'","'1994-05-16'","'1995-09-15'","'1993-02-14'","'1997-10-31'","'1992-10-06'","'1994-02-05'","'1992-11-06'","'1997-07-23'","'1992-06-28'","'1993-10-28'","'1997-04-14'","'1992-03-20'","'1995-12-14'","'1995-09-05'","'1994-05-06'","'1995-01-17'","'1996-01-08'","'1994-09-08'","'1994-10-09'","'1998-02-23'","'1993-01-29'","'1994-05-31'","'1997-11-15'","'1992-10-21'","'1994-02-20'","'1997-08-07'","'1992-07-13'","'1996-04-07'","'1995-12-29'","'1996-12-19'","'1995-08-20'","'1996-08-10'","'1997-12-10'","'1996-05-02'","'1995-01-01'","'1996-01-23'","'1994-09-23'","'1994-06-15'","'1998-03-10'","'1993-02-13'","'1997-11-30'","'1996-07-31'","'1992-11-05'","'1997-04-13'","'1992-03-19'","'1996-12-03'","'1998-04-04'","'1997-01-03'","'1996-08-25'","'1995-04-26'","'1996-05-17'","'1995-01-16'","'1998-07-03'","'1993-06-08'","'1994-10-08'","'1998-03-25'","'1993-02-28'","'1997-11-14'","'1996-11-23'","'1992-07-12'","'1997-03-28'","'1992-03-03'","'1998-07-28'","'1998-04-19'","'1996-12-18'","'1993-03-25'","'1992-04-03'","'1996-09-09'","'1995-05-11'","'1995-01-31'","'1993-10-01'","'1994-06-14'","'1993-02-12'","'1994-02-03'","'1994-03-06'","'1992-11-04'","'1997-07-21'","'1992-06-26'","'1993-10-26'","'1992-07-27'","'1997-04-12'","'1993-07-18'","'1992-03-18'","'1997-01-02'","'1995-09-03'","'1995-05-26'","'1994-01-24'","'1994-10-07'","'1993-06-07'","'1994-05-29'","'1995-09-28'","'1994-06-29'","'1993-02-27'","'1995-06-20'","'1994-02-18'","'1992-11-19'","'1993-11-10'","'1997-08-05'","'1992-07-11'","'1997-04-27'","'1995-12-27'","'1992-04-02'","'1997-01-17'","'1995-09-18'","'1996-04-30'","'1996-05-31'","'1995-01-30'","'1996-01-21'","'1994-09-21'","'1994-10-22'","'1995-10-13'","'1994-06-13'","'1994-03-05'","'1992-11-03'","'1997-11-28'","'1997-08-20'","'1992-07-26'","'1996-04-20'","'1997-01-01'","'1997-12-23'","'1996-08-23'","'1996-09-23'","'1997-09-14'","'1996-05-15'","'1996-02-05'","'1994-10-06'","'1998-03-23'","'1993-02-26'","'1994-06-28'","'1997-12-13'","'1994-03-20'","'1992-11-18'","'1997-04-26'","'1998-04-17'","'1996-12-16'","'1993-08-01'","'1992-04-01'","'1998-01-07'","'1996-09-07'","'1996-05-30'","'1995-01-29'","'1998-07-16'","'1993-06-21'","'1994-10-21'","'1998-04-07'","'1993-03-13'","'1994-03-04'","'1994-07-13'","'1992-11-02'","'1993-11-24'","'1992-07-25'","'1993-07-16'","'1992-04-16'","'1998-05-02'","'1996-12-31'","'1993-04-07'","'1996-09-22'","'1995-05-24'","'1996-06-14'","'1995-02-13'","'1995-10-27'","'1994-06-27'","'1994-02-16'","'1994-03-19'","'1992-11-17'","'1993-11-08'","'1992-08-09'","'1993-07-31'","'1992-03-31'","'1997-04-25'","'1992-05-01'","'1997-01-15'","'1995-09-16'","'1996-10-07'","'1995-06-08'","'1996-02-19'","'1994-10-20'","'1995-10-11'","'1994-07-12'","'1993-03-12'","'1995-07-03'","'1994-03-03'","'1997-08-18'","'1993-11-23'","'1992-07-24'","'1993-08-15'","'1992-04-15'","'1997-05-10'","'1997-01-30'","'1992-01-06'","'1992-12-27'","'1997-09-12'","'1996-05-13'","'1995-10-01'","'1996-09-21'","'1996-06-13'","'1997-06-04'","'1995-02-12'","'1996-02-03'","'1994-11-04'","'1995-10-26'","'1994-06-26'","'1994-07-27'","'1994-03-18'","'1997-12-11'","'1992-11-16'","'1993-12-08'","'1997-09-02'","'1992-08-08'","'1998-05-16'","'1993-04-21'","'1998-01-05'","'1997-01-14'","'1996-10-06'","'1997-09-27'","'1996-05-28'","'1996-02-18'","'1994-10-19'","'1995-11-10'","'1994-07-11'","'1994-04-02'","'1992-12-01'","'1997-12-26'","'1993-08-14'","'1998-04-30'","'1992-04-14'","'1998-01-20'","'1996-09-20'","'1992-01-05'","'1996-06-12'","'1995-02-11'","'1996-03-04'","'1994-11-03'","'1998-04-20'","'1995-07-17'","'1994-03-17'","'1994-07-26'","'1993-12-07'","'1992-08-07'","'1993-07-29'","'1993-08-29'","'1998-05-15'","'1997-01-13'","'1993-04-20'","'1992-04-29'","'1992-01-20'","'1993-01-10'","'1998-02-04'","'1996-10-05'","'1996-06-27'","'1995-02-26'","'1995-11-09'","'1994-07-10'","'1994-04-01'","'1995-03-23'","'1993-11-21'","'1992-11-30'","'1993-12-22'","'1992-08-22'","'1997-05-08'","'1992-04-13'","'1993-08-13'","'1992-05-14'","'1993-05-05'","'1992-01-04'","'1997-01-28'","'1998-05-30'","'1996-10-20'","'1995-06-21'","'1996-03-03'","'1994-11-02'","'1995-10-24'","'1995-11-24'","'1994-07-25'","'1995-07-16'","'1994-03-16'","'1994-04-16'","'1995-04-07'","'1993-12-06'","'1997-05-23'","'1992-04-28'","'1993-08-28'","'1998-02-03'","'1996-10-04'","'1993-01-09'","'1997-09-25'","'1996-06-26'","'1997-06-17'","'1995-02-25'","'1996-02-16'","'1996-03-18'","'1994-11-17'","'1995-11-08'","'1994-07-09'","'1995-07-31'","'1994-03-31'","'1997-09-15'","'1992-08-21'","'1993-12-21'","'1998-05-29'","'1993-05-04'","'1997-01-27'","'1992-01-03'","'1998-01-18'","'1998-02-18'","'1996-10-19'","'1997-10-10'","'1996-06-10'","'1993-01-24'","'1996-07-11'","'1997-07-02'","'1996-03-02'","'1995-11-23'","'1994-07-24'","'1998-01-08'","'1992-12-14'","'1994-04-15'","'1993-08-27'","'1998-05-13'","'1992-04-27'","'1998-06-13'","'1993-05-19'","'1998-02-02'","'1996-10-03'","'1992-01-18'","'1997-10-25'","'1996-06-25'","'1996-03-17'","'1994-11-16'","'1995-07-30'","'1994-03-30'","'1995-04-21'","'1993-12-20'","'1993-08-11'","'1993-09-11'","'1998-05-28'","'1992-05-12'","'1993-05-03'","'1992-02-02'","'1993-01-23'","'1996-10-18'","'1998-02-17'","'1996-07-10'","'1995-03-11'","'1995-11-22'","'1994-07-23'","'1995-07-14'","'1995-08-14'","'1994-04-14'","'1995-04-05'","'1993-12-04'","'1994-01-04'","'1992-09-04'","'1994-12-26'","'1993-08-26'","'1998-06-12'","'1997-02-10'","'1992-01-17'","'1992-05-27'","'1993-05-18'","'1992-02-17'","'1996-11-02'","'1995-07-04'","'1992-09-29'","'1996-06-24'","'1997-07-16'","'1992-06-21'","'1996-03-16'","'1995-11-06'","'1995-12-07'","'1996-11-27'","'1995-07-29'","'1994-08-07'","'1994-04-29'","'1995-04-20'","'1993-12-19'","'1994-01-19'","'1993-09-10'","'1992-05-11'","'1997-06-05'","'1998-02-16'","'1993-01-22'","'1996-10-17'","'1997-10-08'","'1997-11-08'","'1992-10-14'","'1997-06-30'","'1996-02-29'","'1996-07-09'","'1996-03-31'","'1997-03-22'","'1995-11-21'","'1995-08-13'","'1994-04-13'","'1997-09-28'","'1994-01-03'","'1992-09-03'","'1998-06-11'","'1993-05-17'","'1998-01-31'","'1994-09-16'","'1998-03-03'","'1996-11-01'","'1997-10-23'","'1993-02-06'","'1996-07-24'","'1997-07-15'","'1996-03-15'","'1995-12-06'","'1994-08-06'","'1995-08-28'","'1994-04-28'","'1995-04-19'","'1993-12-18'","'1995-01-09'","'1993-09-09'","'1998-05-26'","'1998-06-26'","'1993-06-01'","'1992-01-31'","'1998-02-15'","'1997-11-07'","'1992-10-13'","'1996-07-08'","'1996-03-30'","'1994-11-29'","'1996-12-11'","'1995-08-12'","'1995-05-04'","'1994-01-02'","'1993-09-24'","'1992-05-25'","'1993-05-16'","'1998-06-10'","'1993-06-16'","'1992-02-15'","'1993-02-05'","'1998-03-02'","'1996-10-31'","'1997-11-22'","'1992-10-28'","'1996-07-23'","'1997-04-05'","'1992-03-11'","'1995-12-05'","'1995-08-27'","'1994-04-27'","'1995-04-18'","'1994-01-17'","'1995-01-08'","'1992-09-17'","'1993-09-08'","'1993-10-09'","'1992-06-09'","'1993-05-31'","'1998-06-25'","'1998-03-17'","'1997-11-06'","'1992-10-12'","'1994-02-11'","'1997-06-28'","'1997-07-29'","'1992-07-04'","'1997-03-20'","'1996-03-29'","'1995-12-20'","'1996-12-10'","'1994-08-20'","'1995-08-11'","'1995-09-11'","'1994-05-12'","'1995-05-03'","'1994-01-01'","'1994-02-01'","'1995-01-23'","'1993-09-23'","'1998-03-01'","'1993-02-04'","'1994-06-06'","'1997-11-21'","'1996-07-22'","'1997-07-13'","'1992-10-27'","'1996-04-13'","'1997-04-04'","'1995-12-04'","'1996-01-04'","'1996-12-25'","'1995-08-26'","'1995-05-18'","'1994-01-16'","'1994-09-29'","'1998-06-24'","'1993-05-30'","'1998-03-16'","'1996-11-14'","'1997-11-05'","'1993-02-19'","'1997-12-06'","'1992-11-11'","'1997-07-28'","'1996-03-28'","'1997-04-19'","'1995-12-19'","'1996-08-31'","'1995-05-02'","'1995-01-22'","'1993-09-22'","'1998-07-09'","'1993-06-14'","'1998-02-28'","'1993-02-03'","'1992-02-13'","'1998-03-31'","'1993-03-06'","'1997-11-20'","'1992-10-26'","'1997-08-12'","'1992-07-18'","'1996-04-12'","'1996-12-24'","'1995-08-25'","'1995-05-17'","'1994-01-15'","'1995-02-06'","'1993-10-07'","'1994-09-28'","'1993-05-29'","'1998-06-23'","'1993-06-29'","'1994-06-20'","'1992-02-28'","'1993-02-18'","'1998-03-15'","'1997-12-05'","'1992-11-10'","'1996-08-05'","'1992-07-02'","'1997-04-18'","'1992-03-24'","'1995-12-18'","'1995-09-09'","'1994-05-10'","'1995-05-01'","'1995-06-01'","'1994-01-30'","'1995-01-21'","'1993-10-22'","'1998-07-08'","'1993-06-13'","'1994-10-13'","'1997-11-19'","'1992-10-25'","'1994-02-24'","'1997-08-11'","'1996-04-11'","'1997-04-02'","'1992-07-17'","'1997-05-03'","'1996-01-02'","'1996-12-23'","'1992-04-08'","'1995-08-24'","'1995-09-24'","'1996-09-14'","'1994-05-25'","'1995-05-16'","'1994-02-14'","'1995-02-05'","'1993-10-06'","'1998-03-14'","'1993-02-17'","'1994-06-19'","'1997-12-04'","'1992-11-09'","'1996-08-04'","'1997-07-26'","'1997-08-26'","'1992-08-01'","'1997-04-17'","'1996-04-26'","'1996-01-17'","'1997-01-07'","'1995-09-08'","'1995-05-31'","'1994-01-29'","'1995-01-20'","'1998-07-07'","'1994-10-12'","'1993-06-12'","'1994-07-04'","'1993-03-04'","'1998-03-29'","'1997-11-18'","'1997-12-19'","'1992-11-24'","'1997-08-10'","'1997-05-02'","'1996-01-01'","'1996-09-13'","'1995-05-15'","'1995-02-04'","'1993-10-05'","'1994-10-27'","'1993-06-27'","'1998-07-22'","'1993-03-19'","'1997-12-03'","'1992-11-08'","'1997-08-25'","'1996-04-25'","'1992-07-31'"]},
    { "column": "LO_SHIPMODE",                 "values": ["'RAIL'","'REG AIR'","'SHIP'","'FOB'","'AIR'","'TRUCK'","'MAIL'"] }
  ]
}
